serum,virus,replicate,concentration,fraction infectivity,date
FH007TR,229E-2001-RBD,1,0.1,0.5426,2020-11-16
FH007TR,229E-2001-RBD,1,0.03333,0.5986,2020-11-16
FH007TR,229E-2001-RBD,1,0.01111,0.9747,2020-11-16
FH007TR,229E-2001-RBD,1,0.003704,1.145,2020-11-16
FH007TR,229E-2001-RBD,1,0.001235,1.27,2020-11-16
FH007TR,229E-2001-RBD,1,0.0004115,0.9397,2020-11-16
FH007TR,229E-2001-RBD,1,0.0001372,1.046,2020-11-16
FH007TR,229E-2001-RBD,2,0.1,0.4733,2020-11-16
FH007TR,229E-2001-RBD,2,0.03333,0.8334,2020-11-16
FH007TR,229E-2001-RBD,2,0.01111,0.84,2020-11-16
FH007TR,229E-2001-RBD,2,0.003704,1.151,2020-11-16
FH007TR,229E-2001-RBD,2,0.001235,1.145,2020-11-16
FH007TR,229E-2001-RBD,2,0.0004115,1.003,2020-11-16
FH007TR,229E-2001-RBD,2,0.0001372,1.204,2020-11-16
FH008WC,229E-2001-RBD,1,0.1,0.3564,2020-11-16
FH008WC,229E-2001-RBD,1,0.03333,0.6259,2020-11-16
FH008WC,229E-2001-RBD,1,0.01111,0.7501,2020-11-16
FH008WC,229E-2001-RBD,1,0.003704,1.133,2020-11-16
FH008WC,229E-2001-RBD,1,0.001235,0.9801,2020-11-16
FH008WC,229E-2001-RBD,1,0.0004115,1.078,2020-11-16
FH008WC,229E-2001-RBD,1,0.0001372,1.192,2020-11-16
FH008WC,229E-2001-RBD,2,0.1,0.3095,2020-11-16
FH008WC,229E-2001-RBD,2,0.03333,0.604,2020-11-16
FH008WC,229E-2001-RBD,2,0.01111,0.767,2020-11-16
FH008WC,229E-2001-RBD,2,0.003704,1.18,2020-11-16
FH008WC,229E-2001-RBD,2,0.001235,1.122,2020-11-16
FH008WC,229E-2001-RBD,2,0.0004115,0.9684,2020-11-16
FH008WC,229E-2001-RBD,2,0.0001372,1.058,2020-11-16
SD87_2,229E-2001-RBD,1,0.1,0.4636,2020-11-16
SD87_2,229E-2001-RBD,1,0.03333,0.7323,2020-11-16
SD87_2,229E-2001-RBD,1,0.01111,0.9973,2020-11-16
SD87_2,229E-2001-RBD,1,0.003704,1.03,2020-11-16
SD87_2,229E-2001-RBD,1,0.001235,0.9579,2020-11-16
SD87_2,229E-2001-RBD,1,0.0004115,1.173,2020-11-16
SD87_2,229E-2001-RBD,1,0.0001372,1.02,2020-11-16
SD87_2,229E-2001-RBD,2,0.1,0.5048,2020-11-16
SD87_2,229E-2001-RBD,2,0.03333,0.7583,2020-11-16
SD87_2,229E-2001-RBD,2,0.01111,0.9809,2020-11-16
SD87_2,229E-2001-RBD,2,0.003704,0.8965,2020-11-16
SD87_2,229E-2001-RBD,2,0.001235,1.216,2020-11-16
SD87_2,229E-2001-RBD,2,0.0004115,1.045,2020-11-16
SD87_2,229E-2001-RBD,2,0.0001372,0.986,2020-11-16
SD87_4,229E-2001-RBD,1,0.1,0.144,2020-11-16
SD87_4,229E-2001-RBD,1,0.03333,0.3712,2020-11-16
SD87_4,229E-2001-RBD,1,0.01111,0.7356,2020-11-16
SD87_4,229E-2001-RBD,1,0.003704,0.9901,2020-11-16
SD87_4,229E-2001-RBD,1,0.001235,1.126,2020-11-16
SD87_4,229E-2001-RBD,1,0.0004115,1.035,2020-11-16
SD87_4,229E-2001-RBD,1,0.0001372,1.025,2020-11-16
SD87_4,229E-2001-RBD,2,0.1,0.1657,2020-11-16
SD87_4,229E-2001-RBD,2,0.03333,0.3966,2020-11-16
SD87_4,229E-2001-RBD,2,0.01111,0.7301,2020-11-16
SD87_4,229E-2001-RBD,2,0.003704,0.8374,2020-11-16
SD87_4,229E-2001-RBD,2,0.001235,1.09,2020-11-16
SD87_4,229E-2001-RBD,2,0.0004115,0.9455,2020-11-16
SD87_4,229E-2001-RBD,2,0.0001372,0.9299,2020-11-16
SD87_6,229E-2001-RBD,1,0.1,0.1246,2020-11-16
SD87_6,229E-2001-RBD,1,0.03333,0.3888,2020-11-16
SD87_6,229E-2001-RBD,1,0.01111,0.8119,2020-11-16
SD87_6,229E-2001-RBD,1,0.003704,0.8719,2020-11-16
SD87_6,229E-2001-RBD,1,0.001235,1,2020-11-16
SD87_6,229E-2001-RBD,1,0.0004115,0.9851,2020-11-16
SD87_6,229E-2001-RBD,1,0.0001372,0.9916,2020-11-16
SD87_6,229E-2001-RBD,2,0.1,0.1568,2020-11-16
SD87_6,229E-2001-RBD,2,0.03333,0.4439,2020-11-16
SD87_6,229E-2001-RBD,2,0.01111,0.7083,2020-11-16
SD87_6,229E-2001-RBD,2,0.003704,0.8817,2020-11-16
SD87_6,229E-2001-RBD,2,0.001235,1.011,2020-11-16
SD87_6,229E-2001-RBD,2,0.0004115,0.8267,2020-11-16
SD87_6,229E-2001-RBD,2,0.0001372,1.014,2020-11-16
FR1377,229E-2001-RBD,1,0.1,0.6054,2020-11-16
FR1377,229E-2001-RBD,1,0.03333,0.7947,2020-11-16
FR1377,229E-2001-RBD,1,0.01111,0.9428,2020-11-16
FR1377,229E-2001-RBD,1,0.003704,0.793,2020-11-16
FR1377,229E-2001-RBD,1,0.001235,0.9631,2020-11-16
FR1377,229E-2001-RBD,1,0.0004115,0.8811,2020-11-16
FR1377,229E-2001-RBD,1,0.0001372,0.9468,2020-11-16
FR1377,229E-2001-RBD,2,0.1,0.5665,2020-11-16
FR1377,229E-2001-RBD,2,0.03333,0.8051,2020-11-16
FR1377,229E-2001-RBD,2,0.01111,0.861,2020-11-16
FR1377,229E-2001-RBD,2,0.003704,0.8965,2020-11-16
FR1377,229E-2001-RBD,2,0.001235,1.247,2020-11-16
FR1377,229E-2001-RBD,2,0.0004115,0.9802,2020-11-16
FR1377,229E-2001-RBD,2,0.0001372,1.025,2020-11-16
SD85_3,229E-2001-RBD,1,0.1,0.3288,2020-11-16
SD85_3,229E-2001-RBD,1,0.03333,0.6253,2020-11-16
SD85_3,229E-2001-RBD,1,0.01111,0.8247,2020-11-16
SD85_3,229E-2001-RBD,1,0.003704,1.059,2020-11-16
SD85_3,229E-2001-RBD,1,0.001235,1.226,2020-11-16
SD85_3,229E-2001-RBD,1,0.0004115,1.011,2020-11-16
SD85_3,229E-2001-RBD,1,0.0001372,0.952,2020-11-16
SD85_3,229E-2001-RBD,2,0.1,0.3018,2020-11-16
SD85_3,229E-2001-RBD,2,0.03333,0.7385,2020-11-16
SD85_3,229E-2001-RBD,2,0.01111,0.8453,2020-11-16
SD85_3,229E-2001-RBD,2,0.003704,1.015,2020-11-16
SD85_3,229E-2001-RBD,2,0.001235,1.344,2020-11-16
SD85_3,229E-2001-RBD,2,0.0004115,0.989,2020-11-16
SD85_3,229E-2001-RBD,2,0.0001372,0.9389,2020-11-16
SD85_5,229E-2001-RBD,1,0.1,0.6503,2020-11-16
SD85_5,229E-2001-RBD,1,0.03333,0.8679,2020-11-16
SD85_5,229E-2001-RBD,1,0.01111,1,2020-11-16
SD85_5,229E-2001-RBD,1,0.003704,0.8971,2020-11-16
SD85_5,229E-2001-RBD,1,0.001235,1.062,2020-11-16
SD85_5,229E-2001-RBD,1,0.0004115,1.029,2020-11-16
SD85_5,229E-2001-RBD,1,0.0001372,0.9083,2020-11-16
SD85_5,229E-2001-RBD,2,0.1,0.5423,2020-11-16
SD85_5,229E-2001-RBD,2,0.03333,0.7817,2020-11-16
SD85_5,229E-2001-RBD,2,0.01111,0.8557,2020-11-16
SD85_5,229E-2001-RBD,2,0.003704,1.147,2020-11-16
SD85_5,229E-2001-RBD,2,0.001235,1.175,2020-11-16
SD85_5,229E-2001-RBD,2,0.0004115,1.029,2020-11-16
SD85_5,229E-2001-RBD,2,0.0001372,0.7816,2020-11-16
SD86_5,229E-2001-RBD,1,0.1,0.06188,2020-11-16
SD86_5,229E-2001-RBD,1,0.03333,0.3606,2020-11-16
SD86_5,229E-2001-RBD,1,0.01111,0.5979,2020-11-16
SD86_5,229E-2001-RBD,1,0.003704,0.848,2020-11-16
SD86_5,229E-2001-RBD,1,0.001235,1.244,2020-11-16
SD86_5,229E-2001-RBD,1,0.0004115,0.9363,2020-11-16
SD86_5,229E-2001-RBD,1,0.0001372,0.7598,2020-11-16
SD86_5,229E-2001-RBD,2,0.1,0.08028,2020-11-16
SD86_5,229E-2001-RBD,2,0.03333,0.3229,2020-11-16
SD86_5,229E-2001-RBD,2,0.01111,0.5618,2020-11-16
SD86_5,229E-2001-RBD,2,0.003704,0.8088,2020-11-16
SD86_5,229E-2001-RBD,2,0.001235,1.116,2020-11-16
SD86_5,229E-2001-RBD,2,0.0004115,0.9363,2020-11-16
SD86_5,229E-2001-RBD,2,0.0001372,0.7205,2020-11-16
SD86_6,229E-2001-RBD,1,0.1,0.4245,2020-11-16
SD86_6,229E-2001-RBD,1,0.03333,0.717,2020-11-16
SD86_6,229E-2001-RBD,1,0.01111,0.7629,2020-11-16
SD86_6,229E-2001-RBD,1,0.003704,0.8725,2020-11-16
SD86_6,229E-2001-RBD,1,0.001235,1.052,2020-11-16
SD86_6,229E-2001-RBD,1,0.0004115,0.989,2020-11-16
SD86_6,229E-2001-RBD,1,0.0001372,0.7598,2020-11-16
SD86_6,229E-2001-RBD,2,0.1,0.3417,2020-11-16
SD86_6,229E-2001-RBD,2,0.03333,0.6091,2020-11-16
SD86_6,229E-2001-RBD,2,0.01111,0.8041,2020-11-16
SD86_6,229E-2001-RBD,2,0.003704,0.8529,2020-11-16
SD86_6,229E-2001-RBD,2,0.001235,1.189,2020-11-16
SD86_6,229E-2001-RBD,2,0.0004115,0.8088,2020-11-16
SD86_6,229E-2001-RBD,2,0.0001372,0.6768,2020-11-16
FH007TR,229E-1992-RBD,1,0.1,0.5577,2020-11-16
FH007TR,229E-1992-RBD,1,0.03333,0.9273,2020-11-16
FH007TR,229E-1992-RBD,1,0.01111,0.9943,2020-11-16
FH007TR,229E-1992-RBD,1,0.003704,0.9348,2020-11-16
FH007TR,229E-1992-RBD,1,0.001235,1.049,2020-11-16
FH007TR,229E-1992-RBD,1,0.0004115,1.23,2020-11-16
FH007TR,229E-1992-RBD,1,0.0001372,1.095,2020-11-16
FH007TR,229E-1992-RBD,2,0.1,0.5773,2020-11-16
FH007TR,229E-1992-RBD,2,0.03333,0.8008,2020-11-16
FH007TR,229E-1992-RBD,2,0.01111,1.051,2020-11-16
FH007TR,229E-1992-RBD,2,0.003704,0.9763,2020-11-16
FH007TR,229E-1992-RBD,2,0.001235,1.283,2020-11-16
FH007TR,229E-1992-RBD,2,0.0004115,1.235,2020-11-16
FH007TR,229E-1992-RBD,2,0.0001372,1.197,2020-11-16
FH008WC,229E-1992-RBD,1,0.1,0.6353,2020-11-16
FH008WC,229E-1992-RBD,1,0.03333,0.883,2020-11-16
FH008WC,229E-1992-RBD,1,0.01111,0.9774,2020-11-16
FH008WC,229E-1992-RBD,1,0.003704,1.107,2020-11-16
FH008WC,229E-1992-RBD,1,0.001235,0.9619,2020-11-16
FH008WC,229E-1992-RBD,1,0.0004115,0.9487,2020-11-16
FH008WC,229E-1992-RBD,1,0.0001372,0.9492,2020-11-16
FH008WC,229E-1992-RBD,2,0.1,0.4417,2020-11-16
FH008WC,229E-1992-RBD,2,0.03333,0.8387,2020-11-16
FH008WC,229E-1992-RBD,2,0.01111,0.9094,2020-11-16
FH008WC,229E-1992-RBD,2,0.003704,1.113,2020-11-16
FH008WC,229E-1992-RBD,2,0.001235,0.9455,2020-11-16
FH008WC,229E-1992-RBD,2,0.0004115,1.041,2020-11-16
FH008WC,229E-1992-RBD,2,0.0001372,1.032,2020-11-16
SD87_2,229E-1992-RBD,1,0.1,0.5359,2020-11-16
SD87_2,229E-1992-RBD,1,0.03333,0.7153,2020-11-16
SD87_2,229E-1992-RBD,1,0.01111,1.064,2020-11-16
SD87_2,229E-1992-RBD,1,0.003704,1.005,2020-11-16
SD87_2,229E-1992-RBD,1,0.001235,0.8856,2020-11-16
SD87_2,229E-1992-RBD,1,0.0004115,0.9307,2020-11-16
SD87_2,229E-1992-RBD,1,0.0001372,1.097,2020-11-16
SD87_2,229E-1992-RBD,2,0.1,0.7243,2020-11-16
SD87_2,229E-1992-RBD,2,0.03333,0.9408,2020-11-16
SD87_2,229E-1992-RBD,2,0.01111,1.003,2020-11-16
SD87_2,229E-1992-RBD,2,0.003704,1.178,2020-11-16
SD87_2,229E-1992-RBD,2,0.001235,0.9294,2020-11-16
SD87_2,229E-1992-RBD,2,0.0004115,1.213,2020-11-16
SD87_2,229E-1992-RBD,2,0.0001372,1.059,2020-11-16
SD87_4,229E-1992-RBD,1,0.1,0.2143,2020-11-16
SD87_4,229E-1992-RBD,1,0.03333,0.5744,2020-11-16
SD87_4,229E-1992-RBD,1,0.01111,0.9804,2020-11-16
SD87_4,229E-1992-RBD,1,0.003704,0.9604,2020-11-16
SD87_4,229E-1992-RBD,1,0.001235,1.051,2020-11-16
SD87_4,229E-1992-RBD,1,0.0004115,1.003,2020-11-16
SD87_4,229E-1992-RBD,1,0.0001372,1.109,2020-11-16
SD87_4,229E-1992-RBD,2,0.1,0.2862,2020-11-16
SD87_4,229E-1992-RBD,2,0.03333,0.7604,2020-11-16
SD87_4,229E-1992-RBD,2,0.01111,0.8851,2020-11-16
SD87_4,229E-1992-RBD,2,0.003704,1.035,2020-11-16
SD87_4,229E-1992-RBD,2,0.001235,0.8174,2020-11-16
SD87_4,229E-1992-RBD,2,0.0004115,1.208,2020-11-16
SD87_4,229E-1992-RBD,2,0.0001372,1.178,2020-11-16
SD87_6,229E-1992-RBD,1,0.1,0.1356,2020-11-16
SD87_6,229E-1992-RBD,1,0.03333,0.5541,2020-11-16
SD87_6,229E-1992-RBD,1,0.01111,0.9355,2020-11-16
SD87_6,229E-1992-RBD,1,0.003704,0.9752,2020-11-16
SD87_6,229E-1992-RBD,1,0.001235,0.8661,2020-11-16
SD87_6,229E-1992-RBD,1,0.0004115,1.097,2020-11-16
SD87_6,229E-1992-RBD,1,0.0001372,1.034,2020-11-16
SD87_6,229E-1992-RBD,2,0.1,0.1622,2020-11-16
SD87_6,229E-1992-RBD,2,0.03333,0.4971,2020-11-16
SD87_6,229E-1992-RBD,2,0.01111,0.8234,2020-11-16
SD87_6,229E-1992-RBD,2,0.003704,1.139,2020-11-16
SD87_6,229E-1992-RBD,2,0.001235,1.002,2020-11-16
SD87_6,229E-1992-RBD,2,0.0004115,1.152,2020-11-16
SD87_6,229E-1992-RBD,2,0.0001372,1.159,2020-11-16
FR1377,229E-1992-RBD,1,0.1,0.8978,2020-11-16
FR1377,229E-1992-RBD,1,0.03333,0.9408,2020-11-16
FR1377,229E-1992-RBD,1,0.01111,0.9916,2020-11-16
FR1377,229E-1992-RBD,1,0.003704,0.9356,2020-11-16
FR1377,229E-1992-RBD,1,0.001235,1.002,2020-11-16
FR1377,229E-1992-RBD,1,0.0004115,1.097,2020-11-16
FR1377,229E-1992-RBD,1,0.0001372,1.184,2020-11-16
FR1377,229E-1992-RBD,2,0.1,0.8606,2020-11-16
FR1377,229E-1992-RBD,2,0.03333,0.9464,2020-11-16
FR1377,229E-1992-RBD,2,0.01111,0.8571,2020-11-16
FR1377,229E-1992-RBD,2,0.003704,1.059,2020-11-16
FR1377,229E-1992-RBD,2,0.001235,0.8904,2020-11-16
FR1377,229E-1992-RBD,2,0.0004115,1.036,2020-11-16
FR1377,229E-1992-RBD,2,0.0001372,1.059,2020-11-16
SD85_3,229E-1992-RBD,1,0.1,0.2555,2020-11-16
SD85_3,229E-1992-RBD,1,0.03333,0.5446,2020-11-16
SD85_3,229E-1992-RBD,1,0.01111,0.8889,2020-11-16
SD85_3,229E-1992-RBD,1,0.003704,0.9235,2020-11-16
SD85_3,229E-1992-RBD,1,0.001235,0.9804,2020-11-16
SD85_3,229E-1992-RBD,1,0.0004115,1.274,2020-11-16
SD85_3,229E-1992-RBD,1,0.0001372,1.135,2020-11-16
SD85_3,229E-1992-RBD,2,0.1,0.2336,2020-11-16
SD85_3,229E-1992-RBD,2,0.03333,0.6921,2020-11-16
SD85_3,229E-1992-RBD,2,0.01111,0.958,2020-11-16
SD85_3,229E-1992-RBD,2,0.003704,0.9763,2020-11-16
SD85_3,229E-1992-RBD,2,0.001235,1.054,2020-11-16
SD85_3,229E-1992-RBD,2,0.0004115,1.144,2020-11-16
SD85_3,229E-1992-RBD,2,0.0001372,1.311,2020-11-16
SD85_5,229E-1992-RBD,1,0.1,0.6525,2020-11-16
SD85_5,229E-1992-RBD,1,0.03333,0.9364,2020-11-16
SD85_5,229E-1992-RBD,1,0.01111,0.8593,2020-11-16
SD85_5,229E-1992-RBD,1,0.003704,1.05,2020-11-16
SD85_5,229E-1992-RBD,1,0.001235,0.8873,2020-11-16
SD85_5,229E-1992-RBD,1,0.0004115,1.123,2020-11-16
SD85_5,229E-1992-RBD,1,0.0001372,1.142,2020-11-16
SD85_5,229E-1992-RBD,2,0.1,0.547,2020-11-16
SD85_5,229E-1992-RBD,2,0.03333,0.6616,2020-11-16
SD85_5,229E-1992-RBD,2,0.01111,0.8889,2020-11-16
SD85_5,229E-1992-RBD,2,0.003704,0.9657,2020-11-16
SD85_5,229E-1992-RBD,2,0.001235,1.025,2020-11-16
SD85_5,229E-1992-RBD,2,0.0004115,0.9765,2020-11-16
SD85_5,229E-1992-RBD,2,0.0001372,1.135,2020-11-16
SD86_5,229E-1992-RBD,1,0.1,0.09275,2020-11-16
SD86_5,229E-1992-RBD,1,0.03333,0.3995,2020-11-16
SD86_5,229E-1992-RBD,1,0.01111,0.7901,2020-11-16
SD86_5,229E-1992-RBD,1,0.003704,0.9657,2020-11-16
SD86_5,229E-1992-RBD,1,0.001235,1.029,2020-11-16
SD86_5,229E-1992-RBD,1,0.0004115,1.081,2020-11-16
SD86_5,229E-1992-RBD,1,0.0001372,1.203,2020-11-16
SD86_5,229E-1992-RBD,2,0.1,0.0897,2020-11-16
SD86_5,229E-1992-RBD,2,0.03333,0.37,2020-11-16
SD86_5,229E-1992-RBD,2,0.01111,0.5827,2020-11-16
SD86_5,229E-1992-RBD,2,0.003704,1.003,2020-11-16
SD86_5,229E-1992-RBD,2,0.001235,0.8726,2020-11-16
SD86_5,229E-1992-RBD,2,0.0004115,1.086,2020-11-16
SD86_5,229E-1992-RBD,2,0.0001372,1.297,2020-11-16
SD86_6,229E-1992-RBD,1,0.1,0.2446,2020-11-16
SD86_6,229E-1992-RBD,1,0.03333,0.6056,2020-11-16
SD86_6,229E-1992-RBD,1,0.01111,0.6667,2020-11-16
SD86_6,229E-1992-RBD,1,0.003704,0.8338,2020-11-16
SD86_6,229E-1992-RBD,1,0.001235,1.039,2020-11-16
SD86_6,229E-1992-RBD,1,0.0004115,0.8721,2020-11-16
SD86_6,229E-1992-RBD,1,0.0001372,1.081,2020-11-16
SD86_6,229E-1992-RBD,2,0.1,0.1696,2020-11-16
SD86_6,229E-1992-RBD,2,0.03333,0.514,2020-11-16
SD86_6,229E-1992-RBD,2,0.01111,0.7309,2020-11-16
SD86_6,229E-1992-RBD,2,0.003704,0.9288,2020-11-16
SD86_6,229E-1992-RBD,2,0.001235,1.029,2020-11-16
SD86_6,229E-1992-RBD,2,0.0004115,0.9713,2020-11-16
SD86_6,229E-1992-RBD,2,0.0001372,1.122,2020-11-16
SD85_3,229E-1984,1,0.1,0.00354,2020-11-16
SD85_3,229E-1984,1,0.03333,0.06915,2020-11-16
SD85_3,229E-1984,1,0.01111,0.2963,2020-11-16
SD85_3,229E-1984,1,0.003704,0.5402,2020-11-16
SD85_3,229E-1984,1,0.001235,0.9723,2020-11-16
SD85_3,229E-1984,1,0.0004115,1.122,2020-11-16
SD85_3,229E-1984,1,0.0001372,1.09,2020-11-16
SD85_3,229E-1984,2,0.1,0.0146,2020-11-16
SD85_3,229E-1984,2,0.03333,0.05733,2020-11-16
SD85_3,229E-1984,2,0.01111,0.3268,2020-11-16
SD85_3,229E-1984,2,0.003704,0.6595,2020-11-16
SD85_3,229E-1984,2,0.001235,0.8475,2020-11-16
SD85_3,229E-1984,2,0.0004115,0.9493,2020-11-16
SD85_3,229E-1984,2,0.0001372,1.116,2020-11-16
SD85_5,229E-1984,1,0.1,0.06836,2020-11-16
SD85_5,229E-1984,1,0.03333,0.2756,2020-11-16
SD85_5,229E-1984,1,0.01111,0.7482,2020-11-16
SD85_5,229E-1984,1,0.003704,0.9661,2020-11-16
SD85_5,229E-1984,1,0.001235,0.9838,2020-11-16
SD85_5,229E-1984,1,0.0004115,1.063,2020-11-16
SD85_5,229E-1984,1,0.0001372,1.019,2020-11-16
SD85_5,229E-1984,2,0.1,0.06386,2020-11-16
SD85_5,229E-1984,2,0.03333,0.2633,2020-11-16
SD85_5,229E-1984,2,0.01111,0.6399,2020-11-16
SD85_5,229E-1984,2,0.003704,0.8748,2020-11-16
SD85_5,229E-1984,2,0.001235,1.03,2020-11-16
SD85_5,229E-1984,2,0.0004115,1.046,2020-11-16
SD85_5,229E-1984,2,0.0001372,1.053,2020-11-16
SD86_5,229E-1984,1,0.1,0.02864,2020-11-16
SD86_5,229E-1984,1,0.03333,0.1539,2020-11-16
SD86_5,229E-1984,1,0.01111,0.4869,2020-11-16
SD86_5,229E-1984,1,0.003704,0.7625,2020-11-16
SD86_5,229E-1984,1,0.001235,0.9353,2020-11-16
SD86_5,229E-1984,1,0.0004115,1.009,2020-11-16
SD86_5,229E-1984,1,0.0001372,1.005,2020-11-16
SD86_5,229E-1984,2,0.1,0.02465,2020-11-16
SD86_5,229E-1984,2,0.03333,0.1835,2020-11-16
SD86_5,229E-1984,2,0.01111,0.4657,2020-11-16
SD86_5,229E-1984,2,0.003704,0.7087,2020-11-16
SD86_5,229E-1984,2,0.001235,1.065,2020-11-16
SD86_5,229E-1984,2,0.0004115,0.9542,2020-11-16
SD86_5,229E-1984,2,0.0001372,1.13,2020-11-16
SD86_6,229E-1984,1,0.1,0.05337,2020-11-16
SD86_6,229E-1984,1,0.03333,0.2806,2020-11-16
SD86_6,229E-1984,1,0.01111,0.6305,2020-11-16
SD86_6,229E-1984,1,0.003704,0.8421,2020-11-16
SD86_6,229E-1984,1,0.001235,0.9076,2020-11-16
SD86_6,229E-1984,1,0.0004115,1.058,2020-11-16
SD86_6,229E-1984,1,0.0001372,1.032,2020-11-16
SD86_6,229E-1984,2,0.1,0.05237,2020-11-16
SD86_6,229E-1984,2,0.03333,0.2367,2020-11-16
SD86_6,229E-1984,2,0.01111,0.5151,2020-11-16
SD86_6,229E-1984,2,0.003704,0.7251,2020-11-16
SD86_6,229E-1984,2,0.001235,0.9076,2020-11-16
SD86_6,229E-1984,2,0.0004115,1.053,2020-11-16
SD86_6,229E-1984,2,0.0001372,0.9497,2020-11-16
FH007TR,229E-1992,1,0.1,0.453,2020-10-22
FH007TR,229E-1992,1,0.03333,0.7756,2020-10-22
FH007TR,229E-1992,1,0.01111,0.893,2020-10-22
FH007TR,229E-1992,1,0.003704,0.9029,2020-10-22
FH007TR,229E-1992,1,0.001235,1.249,2020-10-22
FH007TR,229E-1992,1,0.0004115,0.8859,2020-10-22
FH007TR,229E-1992,1,0.0001372,0.9151,2020-10-22
FH007TR,229E-1992,2,0.1,0.5574,2020-10-22
FH007TR,229E-1992,2,0.03333,0.9568,2020-10-22
FH007TR,229E-1992,2,0.01111,0.8926,2020-10-22
FH007TR,229E-1992,2,0.003704,1.071,2020-10-22
FH007TR,229E-1992,2,0.001235,0.9803,2020-10-22
FH007TR,229E-1992,2,0.0004115,0.9385,2020-10-22
FH007TR,229E-1992,2,0.0001372,1.145,2020-10-22
FH008WC,229E-1992,1,0.1,0.4147,2020-10-22
FH008WC,229E-1992,1,0.03333,0.7384,2020-10-22
FH008WC,229E-1992,1,0.01111,0.9084,2020-10-22
FH008WC,229E-1992,1,0.003704,1.04,2020-10-22
FH008WC,229E-1992,1,0.001235,1.274,2020-10-22
FH008WC,229E-1992,1,0.0004115,0.9944,2020-10-22
FH008WC,229E-1992,1,0.0001372,1.166,2020-10-22
FH008WC,229E-1992,2,0.1,0.5028,2020-10-22
FH008WC,229E-1992,2,0.03333,0.7546,2020-10-22
FH008WC,229E-1992,2,0.01111,0.95,2020-10-22
FH008WC,229E-1992,2,0.003704,0.9763,2020-10-22
FH008WC,229E-1992,2,0.001235,0.9539,2020-10-22
FH008WC,229E-1992,2,0.0004115,0.9677,2020-10-22
FH008WC,229E-1992,2,0.0001372,0.893,2020-10-22
Nothing,229E-1992,1,0.1,0.9311,2020-10-22
Nothing,229E-1992,1,0.03333,0.994,2020-10-22
Nothing,229E-1992,1,0.01111,1.104,2020-10-22
Nothing,229E-1992,1,0.003704,0.8799,2020-10-22
Nothing,229E-1992,1,0.001235,0.9641,2020-10-22
Nothing,229E-1992,1,0.0004115,0.9301,2020-10-22
Nothing,229E-1992,1,0.0001372,1.003,2020-10-22
Nothing,229E-1992,2,0.1,1.093,2020-10-22
Nothing,229E-1992,2,0.03333,1.024,2020-10-22
Nothing,229E-1992,2,0.01111,1.003,2020-10-22
Nothing,229E-1992,2,0.003704,0.896,2020-10-22
Nothing,229E-1992,2,0.001235,0.9013,2020-10-22
Nothing,229E-1992,2,0.0004115,0.8992,2020-10-22
Nothing,229E-1992,2,0.0001372,1.005,2020-10-22
FR1377,229E-1992,1,0.1,0.5951,2020-10-22
FR1377,229E-1992,1,0.03333,0.9245,2020-10-22
FR1377,229E-1992,1,0.01111,1.088,2020-10-22
FR1377,229E-1992,1,0.003704,1.021,2020-10-22
FR1377,229E-1992,1,0.001235,0.8994,2020-10-22
FR1377,229E-1992,1,0.0004115,0.9651,2020-10-22
FR1377,229E-1992,1,0.0001372,0.8694,2020-10-22
FR1377,229E-1992,2,0.1,0.6316,2020-10-22
FR1377,229E-1992,2,0.03333,0.8302,2020-10-22
FR1377,229E-1992,2,0.01111,1.076,2020-10-22
FR1377,229E-1992,2,0.003704,0.8728,2020-10-22
FR1377,229E-1992,2,0.001235,0.9382,2020-10-22
FR1377,229E-1992,2,0.0004115,0.9129,2020-10-22
FR1377,229E-1992,2,0.0001372,0.8942,2020-10-22
SD87_2,229E-1992,1,0.1,0.4763,2020-10-22
SD87_2,229E-1992,1,0.03333,0.6451,2020-10-22
SD87_2,229E-1992,1,0.01111,0.9597,2020-10-22
SD87_2,229E-1992,1,0.003704,0.9701,2020-10-22
SD87_2,229E-1992,1,0.001235,0.9232,2020-10-22
SD87_2,229E-1992,1,0.0004115,1.085,2020-10-22
SD87_2,229E-1992,1,0.0001372,0.8683,2020-10-22
SD87_2,229E-1992,2,0.1,0.4603,2020-10-22
SD87_2,229E-1992,2,0.03333,0.801,2020-10-22
SD87_2,229E-1992,2,0.01111,0.747,2020-10-22
SD87_2,229E-1992,2,0.003704,1.111,2020-10-22
SD87_2,229E-1992,2,0.001235,0.9887,2020-10-22
SD87_2,229E-1992,2,0.0004115,1.102,2020-10-22
SD87_2,229E-1992,2,0.0001372,1.09,2020-10-22
SD87_4,229E-1992,1,0.1,0.1621,2020-10-22
SD87_4,229E-1992,1,0.03333,0.5073,2020-10-22
SD87_4,229E-1992,1,0.01111,0.7507,2020-10-22
SD87_4,229E-1992,1,0.003704,0.9039,2020-10-22
SD87_4,229E-1992,1,0.001235,0.9725,2020-10-22
SD87_4,229E-1992,1,0.0004115,1.287,2020-10-22
SD87_4,229E-1992,1,0.0001372,1.02,2020-10-22
SD87_4,229E-1992,2,0.1,0.1642,2020-10-22
SD87_4,229E-1992,2,0.03333,0.5688,2020-10-22
SD87_4,229E-1992,2,0.01111,0.7619,2020-10-22
SD87_4,229E-1992,2,0.003704,1.121,2020-10-22
SD87_4,229E-1992,2,0.001235,0.8927,2020-10-22
SD87_4,229E-1992,2,0.0004115,1.261,2020-10-22
SD87_4,229E-1992,2,0.0001372,1.143,2020-10-22
SD87_6,229E-1992,1,0.1,0.1687,2020-10-22
SD87_6,229E-1992,1,0.03333,0.4757,2020-10-22
SD87_6,229E-1992,1,0.01111,0.6895,2020-10-22
SD87_6,229E-1992,1,0.003704,0.9011,2020-10-22
SD87_6,229E-1992,1,0.001235,0.8443,2020-10-22
SD87_6,229E-1992,1,0.0004115,0.9172,2020-10-22
SD87_6,229E-1992,1,0.0001372,1.044,2020-10-22
SD87_6,229E-1992,2,0.1,0.2041,2020-10-22
SD87_6,229E-1992,2,0.03333,0.5132,2020-10-22
SD87_6,229E-1992,2,0.01111,0.672,2020-10-22
SD87_6,229E-1992,2,0.003704,0.9404,2020-10-22
SD87_6,229E-1992,2,0.001235,0.9217,2020-10-22
SD87_6,229E-1992,2,0.0004115,1.008,2020-10-22
SD87_6,229E-1992,2,0.0001372,0.9394,2020-10-22
SD85_2,229E-1992,1,0.1,0.5033,2020-10-22
SD85_2,229E-1992,1,0.03333,0.7391,2020-10-22
SD85_2,229E-1992,1,0.01111,0.9253,2020-10-22
SD85_2,229E-1992,1,0.003704,0.9982,2020-10-22
SD85_2,229E-1992,1,0.001235,0.9962,2020-10-22
SD85_2,229E-1992,1,0.0004115,1.015,2020-10-22
SD85_2,229E-1992,1,0.0001372,1.173,2020-10-22
SD85_2,229E-1992,2,0.1,0.5047,2020-10-22
SD85_2,229E-1992,2,0.03333,0.7197,2020-10-22
SD85_2,229E-1992,2,0.01111,0.9563,2020-10-22
SD85_2,229E-1992,2,0.003704,0.8901,2020-10-22
SD85_2,229E-1992,2,0.001235,0.9602,2020-10-22
SD85_2,229E-1992,2,0.0004115,1.025,2020-10-22
SD85_2,229E-1992,2,0.0001372,1.048,2020-10-22
SD85_3,229E-1992,1,0.1,0.2791,2020-10-22
SD85_3,229E-1992,1,0.03333,0.5829,2020-10-22
SD85_3,229E-1992,1,0.01111,0.7416,2020-10-22
SD85_3,229E-1992,1,0.003704,0.8267,2020-10-22
SD85_3,229E-1992,1,0.001235,0.8402,2020-10-22
SD85_3,229E-1992,1,0.0004115,0.9007,2020-10-22
SD85_3,229E-1992,1,0.0001372,0.9162,2020-10-22
SD85_3,229E-1992,2,0.1,0.2587,2020-10-22
SD85_3,229E-1992,2,0.03333,0.6347,2020-10-22
SD85_3,229E-1992,2,0.01111,0.8369,2020-10-22
SD85_3,229E-1992,2,0.003704,0.8681,2020-10-22
SD85_3,229E-1992,2,0.001235,0.9132,2020-10-22
SD85_3,229E-1992,2,0.0004115,0.9347,2020-10-22
SD85_3,229E-1992,2,0.0001372,1.082,2020-10-22
SD85_5,229E-1992,1,0.1,0.4796,2020-10-22
SD85_5,229E-1992,1,0.03333,0.8775,2020-10-22
SD85_5,229E-1992,1,0.01111,0.8005,2020-10-22
SD85_5,229E-1992,1,0.003704,0.9213,2020-10-22
SD85_5,229E-1992,1,0.001235,0.9815,2020-10-22
SD85_5,229E-1992,1,0.0004115,0.8887,2020-10-22
SD85_5,229E-1992,1,0.0001372,0.9922,2020-10-22
SD85_5,229E-1992,2,0.1,0.361,2020-10-22
SD85_5,229E-1992,2,0.03333,0.7425,2020-10-22
SD85_5,229E-1992,2,0.01111,0.7911,2020-10-22
SD85_5,229E-1992,2,0.003704,1.028,2020-10-22
SD85_5,229E-1992,2,0.001235,0.9205,2020-10-22
SD85_5,229E-1992,2,0.0004115,0.9324,2020-10-22
SD85_5,229E-1992,2,0.0001372,1.033,2020-10-22
SD86_5,229E-1992,1,0.1,0.06509,2020-10-22
SD86_5,229E-1992,1,0.03333,0.3275,2020-10-22
SD86_5,229E-1992,1,0.01111,0.599,2020-10-22
SD86_5,229E-1992,1,0.003704,0.8117,2020-10-22
SD86_5,229E-1992,1,0.001235,0.8811,2020-10-22
SD86_5,229E-1992,1,0.0004115,0.7262,2020-10-22
SD86_5,229E-1992,1,0.0001372,1.022,2020-10-22
SD86_5,229E-1992,2,0.1,0.05887,2020-10-22
SD86_5,229E-1992,2,0.03333,0.2876,2020-10-22
SD86_5,229E-1992,2,0.01111,0.5888,2020-10-22
SD86_5,229E-1992,2,0.003704,0.8216,2020-10-22
SD86_5,229E-1992,2,0.001235,0.9194,2020-10-22
SD86_5,229E-1992,2,0.0004115,0.8453,2020-10-22
SD86_5,229E-1992,2,0.0001372,0.9301,2020-10-22
SD86_6,229E-1992,1,0.1,0.2927,2020-10-22
SD86_6,229E-1992,1,0.03333,0.6294,2020-10-22
SD86_6,229E-1992,1,0.01111,0.8132,2020-10-22
SD86_6,229E-1992,1,0.003704,0.9575,2020-10-22
SD86_6,229E-1992,1,0.001235,0.9097,2020-10-22
SD86_6,229E-1992,1,0.0004115,0.8519,2020-10-22
SD86_6,229E-1992,1,0.0001372,1.008,2020-10-22
SD86_6,229E-1992,2,0.1,0.2478,2020-10-22
SD86_6,229E-1992,2,0.03333,0.5632,2020-10-22
SD86_6,229E-1992,2,0.01111,0.794,2020-10-22
SD86_6,229E-1992,2,0.003704,0.8411,2020-10-22
SD86_6,229E-1992,2,0.001235,0.8908,2020-10-22
SD86_6,229E-1992,2,0.0004115,0.8404,2020-10-22
SD86_6,229E-1992,2,0.0001372,0.9509,2020-10-22
FH007TR,229E-2016,1,0.1,0.5234,2020-11-06
FH007TR,229E-2016,1,0.03333,0.7856,2020-11-06
FH007TR,229E-2016,1,0.01111,0.8834,2020-11-06
FH007TR,229E-2016,1,0.003704,0.9298,2020-11-06
FH007TR,229E-2016,1,0.001235,0.8913,2020-11-06
FH007TR,229E-2016,1,0.0004115,1.172,2020-11-06
FH007TR,229E-2016,1,0.0001372,0.9009,2020-11-06
FH007TR,229E-2016,2,0.1,0.5689,2020-11-06
FH007TR,229E-2016,2,0.03333,0.9067,2020-11-06
FH007TR,229E-2016,2,0.01111,0.7995,2020-11-06
FH007TR,229E-2016,2,0.003704,0.998,2020-11-06
FH007TR,229E-2016,2,0.001235,0.9906,2020-11-06
FH007TR,229E-2016,2,0.0004115,1.081,2020-11-06
FH007TR,229E-2016,2,0.0001372,0.9754,2020-11-06
FH008WC,229E-2016,1,0.1,0.4031,2020-11-06
FH008WC,229E-2016,1,0.03333,0.6887,2020-11-06
FH008WC,229E-2016,1,0.01111,0.8111,2020-11-06
FH008WC,229E-2016,1,0.003704,0.9167,2020-11-06
FH008WC,229E-2016,1,0.001235,0.9054,2020-11-06
FH008WC,229E-2016,1,0.0004115,1.071,2020-11-06
FH008WC,229E-2016,1,0.0001372,0.8732,2020-11-06
FH008WC,229E-2016,2,0.1,0.4272,2020-11-06
FH008WC,229E-2016,2,0.03333,0.7318,2020-11-06
FH008WC,229E-2016,2,0.01111,0.9396,2020-11-06
FH008WC,229E-2016,2,0.003704,1.012,2020-11-06
FH008WC,229E-2016,2,0.001235,0.9405,2020-11-06
FH008WC,229E-2016,2,0.0004115,1.171,2020-11-06
FH008WC,229E-2016,2,0.0001372,0.8891,2020-11-06
Nothing,229E-2016,1,0.1,0.9507,2020-11-06
Nothing,229E-2016,1,0.03333,1.019,2020-11-06
Nothing,229E-2016,1,0.01111,0.8775,2020-11-06
Nothing,229E-2016,1,0.003704,0.9246,2020-11-06
Nothing,229E-2016,1,0.001235,1.015,2020-11-06
Nothing,229E-2016,1,0.0004115,1.048,2020-11-06
Nothing,229E-2016,1,0.0001372,0.9139,2020-11-06
Nothing,229E-2016,2,0.1,0.9597,2020-11-06
Nothing,229E-2016,2,0.03333,0.9203,2020-11-06
Nothing,229E-2016,2,0.01111,0.8857,2020-11-06
Nothing,229E-2016,2,0.003704,0.885,2020-11-06
Nothing,229E-2016,2,0.001235,0.9176,2020-11-06
Nothing,229E-2016,2,0.0004115,1.134,2020-11-06
Nothing,229E-2016,2,0.0001372,0.8939,2020-11-06
FR1377,229E-2016,1,0.1,0.6402,2020-11-06
FR1377,229E-2016,1,0.03333,0.01947,2020-11-06
FR1377,229E-2016,1,0.01111,0.7039,2020-11-06
FR1377,229E-2016,1,0.003704,0.8723,2020-11-06
FR1377,229E-2016,1,0.001235,0.9621,2020-11-06
FR1377,229E-2016,1,0.0004115,1.19,2020-11-06
FR1377,229E-2016,1,0.0001372,0.9199,2020-11-06
FR1377,229E-2016,2,0.1,0.5288,2020-11-06
FR1377,229E-2016,2,0.03333,0.02858,2020-11-06
FR1377,229E-2016,2,0.01111,0.6365,2020-11-06
FR1377,229E-2016,2,0.003704,0.9277,2020-11-06
FR1377,229E-2016,2,0.001235,0.9166,2020-11-06
FR1377,229E-2016,2,0.0004115,1.119,2020-11-06
FR1377,229E-2016,2,0.0001372,0.9519,2020-11-06
SD87_2,229E-2016,1,0.1,0.6504,2020-11-06
SD87_2,229E-2016,1,0.03333,0.9197,2020-11-06
SD87_2,229E-2016,1,0.01111,0.8675,2020-11-06
SD87_2,229E-2016,1,0.003704,0.9228,2020-11-06
SD87_2,229E-2016,1,0.001235,1.087,2020-11-06
SD87_2,229E-2016,1,0.0004115,1.051,2020-11-06
SD87_2,229E-2016,1,0.0001372,1.009,2020-11-06
SD87_2,229E-2016,2,0.1,0.6759,2020-11-06
SD87_2,229E-2016,2,0.03333,0.8746,2020-11-06
SD87_2,229E-2016,2,0.01111,0.9465,2020-11-06
SD87_2,229E-2016,2,0.003704,0.9222,2020-11-06
SD87_2,229E-2016,2,0.001235,0.9386,2020-11-06
SD87_2,229E-2016,2,0.0004115,1.141,2020-11-06
SD87_2,229E-2016,2,0.0001372,1.087,2020-11-06
SD87_4,229E-2016,1,0.1,0.7088,2020-11-06
SD87_4,229E-2016,1,0.03333,0.8638,2020-11-06
SD87_4,229E-2016,1,0.01111,0.8173,2020-11-06
SD87_4,229E-2016,1,0.003704,0.9643,2020-11-06
SD87_4,229E-2016,1,0.001235,1.021,2020-11-06
SD87_4,229E-2016,1,0.0004115,1.022,2020-11-06
SD87_4,229E-2016,1,0.0001372,1.032,2020-11-06
SD87_4,229E-2016,2,0.1,0.7031,2020-11-06
SD87_4,229E-2016,2,0.03333,0.8783,2020-11-06
SD87_4,229E-2016,2,0.01111,0.93,2020-11-06
SD87_4,229E-2016,2,0.003704,0.9913,2020-11-06
SD87_4,229E-2016,2,0.001235,1.027,2020-11-06
SD87_4,229E-2016,2,0.0004115,1.016,2020-11-06
SD87_4,229E-2016,2,0.0001372,1.044,2020-11-06
SD87_6,229E-2016,1,0.1,0.4968,2020-11-06
SD87_6,229E-2016,1,0.03333,0.7744,2020-11-06
SD87_6,229E-2016,1,0.01111,0.8586,2020-11-06
SD87_6,229E-2016,1,0.003704,0.9106,2020-11-06
SD87_6,229E-2016,1,0.001235,0.9905,2020-11-06
SD87_6,229E-2016,1,0.0004115,1.083,2020-11-06
SD87_6,229E-2016,1,0.0001372,0.9792,2020-11-06
SD87_6,229E-2016,2,0.1,0.4973,2020-11-06
SD87_6,229E-2016,2,0.03333,0.6988,2020-11-06
SD87_6,229E-2016,2,0.01111,0.8375,2020-11-06
SD87_6,229E-2016,2,0.003704,0.888,2020-11-06
SD87_6,229E-2016,2,0.001235,0.9382,2020-11-06
SD87_6,229E-2016,2,0.0004115,1.02,2020-11-06
SD87_6,229E-2016,2,0.0001372,1.12,2020-11-06
SD85_2,229E-2016,1,0.1,0.719,2020-11-06
SD85_2,229E-2016,1,0.03333,1.006,2020-11-06
SD85_2,229E-2016,1,0.01111,1.002,2020-11-06
SD85_2,229E-2016,1,0.003704,0.9097,2020-11-06
SD85_2,229E-2016,1,0.001235,0.9737,2020-11-06
SD85_2,229E-2016,1,0.0004115,1.004,2020-11-06
SD85_2,229E-2016,1,0.0001372,1.053,2020-11-06
SD85_2,229E-2016,2,0.1,0.7112,2020-11-06
SD85_2,229E-2016,2,0.03333,0.8523,2020-11-06
SD85_2,229E-2016,2,0.01111,1,2020-11-06
SD85_2,229E-2016,2,0.003704,0.9093,2020-11-06
SD85_2,229E-2016,2,0.001235,0.989,2020-11-06
SD85_2,229E-2016,2,0.0004115,1.055,2020-11-06
SD85_2,229E-2016,2,0.0001372,1.036,2020-11-06
SD85_3,229E-2016,1,0.1,0.7023,2020-11-06
SD85_3,229E-2016,1,0.03333,0.7439,2020-11-06
SD85_3,229E-2016,1,0.01111,0.9313,2020-11-06
SD85_3,229E-2016,1,0.003704,1.032,2020-11-06
SD85_3,229E-2016,1,0.001235,0.9299,2020-11-06
SD85_3,229E-2016,1,0.0004115,1.084,2020-11-06
SD85_3,229E-2016,1,0.0001372,0.997,2020-11-06
SD85_3,229E-2016,2,0.1,0.6146,2020-11-06
SD85_3,229E-2016,2,0.03333,0.7546,2020-11-06
SD85_3,229E-2016,2,0.01111,0.8935,2020-11-06
SD85_3,229E-2016,2,0.003704,0.973,2020-11-06
SD85_3,229E-2016,2,0.001235,0.9781,2020-11-06
SD85_3,229E-2016,2,0.0004115,1.092,2020-11-06
SD85_3,229E-2016,2,0.0001372,0.9764,2020-11-06
SD85_5,229E-2016,1,0.1,0.7681,2020-11-06
SD85_5,229E-2016,1,0.03333,0.8971,2020-11-06
SD85_5,229E-2016,1,0.01111,0.999,2020-11-06
SD85_5,229E-2016,1,0.003704,1.102,2020-11-06
SD85_5,229E-2016,1,0.001235,0.9177,2020-11-06
SD85_5,229E-2016,1,0.0004115,1.051,2020-11-06
SD85_5,229E-2016,1,0.0001372,1.055,2020-11-06
SD85_5,229E-2016,2,0.1,0.6921,2020-11-06
SD85_5,229E-2016,2,0.03333,0.9068,2020-11-06
SD85_5,229E-2016,2,0.01111,1.15,2020-11-06
SD85_5,229E-2016,2,0.003704,1.09,2020-11-06
SD85_5,229E-2016,2,0.001235,0.999,2020-11-06
SD85_5,229E-2016,2,0.0004115,1.056,2020-11-06
SD85_5,229E-2016,2,0.0001372,1.107,2020-11-06
SD86_5,229E-2016,1,0.1,0.3175,2020-11-06
SD86_5,229E-2016,1,0.03333,0.6265,2020-11-06
SD86_5,229E-2016,1,0.01111,0.9502,2020-11-06
SD86_5,229E-2016,1,0.003704,1.015,2020-11-06
SD86_5,229E-2016,1,0.001235,0.8932,2020-11-06
SD86_5,229E-2016,1,0.0004115,0.9279,2020-11-06
SD86_5,229E-2016,1,0.0001372,1.014,2020-11-06
SD86_5,229E-2016,2,0.1,0.3559,2020-11-06
SD86_5,229E-2016,2,0.03333,0.6328,2020-11-06
SD86_5,229E-2016,2,0.01111,0.8816,2020-11-06
SD86_5,229E-2016,2,0.003704,1.031,2020-11-06
SD86_5,229E-2016,2,0.001235,1.006,2020-11-06
SD86_5,229E-2016,2,0.0004115,1.086,2020-11-06
SD86_5,229E-2016,2,0.0001372,1.056,2020-11-06
SD86_6,229E-2016,1,0.1,0.6522,2020-11-06
SD86_6,229E-2016,1,0.03333,0.9593,2020-11-06
SD86_6,229E-2016,1,0.01111,0.938,2020-11-06
SD86_6,229E-2016,1,0.003704,1.057,2020-11-06
SD86_6,229E-2016,1,0.001235,1.11,2020-11-06
SD86_6,229E-2016,1,0.0004115,1.143,2020-11-06
SD86_6,229E-2016,1,0.0001372,1.04,2020-11-06
SD86_6,229E-2016,2,0.1,0.6548,2020-11-06
SD86_6,229E-2016,2,0.03333,0.7873,2020-11-06
SD86_6,229E-2016,2,0.01111,0.924,2020-11-06
SD86_6,229E-2016,2,0.003704,1.163,2020-11-06
SD86_6,229E-2016,2,0.001235,0.9656,2020-11-06
SD86_6,229E-2016,2,0.0004115,1.025,2020-11-06
SD86_6,229E-2016,2,0.0001372,0.9461,2020-11-06
FH007TR,229E-2008,1,0.1,0.5198,2020-11-06
FH007TR,229E-2008,1,0.03333,0.6894,2020-11-06
FH007TR,229E-2008,1,0.01111,0.8418,2020-11-06
FH007TR,229E-2008,1,0.003704,0.9873,2020-11-06
FH007TR,229E-2008,1,0.001235,1.033,2020-11-06
FH007TR,229E-2008,1,0.0004115,1.025,2020-11-06
FH007TR,229E-2008,1,0.0001372,1.192,2020-11-06
FH007TR,229E-2008,2,0.1,0.5509,2020-11-06
FH007TR,229E-2008,2,0.03333,0.7587,2020-11-06
FH007TR,229E-2008,2,0.01111,0.8257,2020-11-06
FH007TR,229E-2008,2,0.003704,1.001,2020-11-06
FH007TR,229E-2008,2,0.001235,1.013,2020-11-06
FH007TR,229E-2008,2,0.0004115,0.9325,2020-11-06
FH007TR,229E-2008,2,0.0001372,1.1,2020-11-06
FH008WC,229E-2008,1,0.1,0.2674,2020-11-06
FH008WC,229E-2008,1,0.03333,0.4622,2020-11-06
FH008WC,229E-2008,1,0.01111,0.7967,2020-11-06
FH008WC,229E-2008,1,0.003704,0.8985,2020-11-06
FH008WC,229E-2008,1,0.001235,0.9546,2020-11-06
FH008WC,229E-2008,1,0.0004115,1.074,2020-11-06
FH008WC,229E-2008,1,0.0001372,0.9136,2020-11-06
FH008WC,229E-2008,2,0.1,0.2741,2020-11-06
FH008WC,229E-2008,2,0.03333,0.5161,2020-11-06
FH008WC,229E-2008,2,0.01111,0.8635,2020-11-06
FH008WC,229E-2008,2,0.003704,1.081,2020-11-06
FH008WC,229E-2008,2,0.001235,0.8511,2020-11-06
FH008WC,229E-2008,2,0.0004115,0.9901,2020-11-06
FH008WC,229E-2008,2,0.0001372,1.049,2020-11-06
Nothing,229E-2008,1,0.1,0.8819,2020-11-06
Nothing,229E-2008,1,0.03333,0.9725,2020-11-06
Nothing,229E-2008,1,0.01111,1.009,2020-11-06
Nothing,229E-2008,1,0.003704,0.9026,2020-11-06
Nothing,229E-2008,1,0.001235,0.867,2020-11-06
Nothing,229E-2008,1,0.0004115,0.8821,2020-11-06
Nothing,229E-2008,1,0.0001372,1.039,2020-11-06
Nothing,229E-2008,2,0.1,0.9714,2020-11-06
Nothing,229E-2008,2,0.03333,0.891,2020-11-06
Nothing,229E-2008,2,0.01111,0.9777,2020-11-06
Nothing,229E-2008,2,0.003704,0.9669,2020-11-06
Nothing,229E-2008,2,0.001235,0.925,2020-11-06
Nothing,229E-2008,2,0.0004115,1.017,2020-11-06
Nothing,229E-2008,2,0.0001372,0.9678,2020-11-06
FR1377,229E-2008,1,0.1,0.6893,2020-11-06
FR1377,229E-2008,1,0.03333,0.03838,2020-11-06
FR1377,229E-2008,1,0.01111,0.7023,2020-11-06
FR1377,229E-2008,1,0.003704,0.9099,2020-11-06
FR1377,229E-2008,1,0.001235,0.8874,2020-11-06
FR1377,229E-2008,1,0.0004115,0.9768,2020-11-06
FR1377,229E-2008,1,0.0001372,1.072,2020-11-06
FR1377,229E-2008,2,0.1,0.413,2020-11-06
FR1377,229E-2008,2,0.03333,0.03578,2020-11-06
FR1377,229E-2008,2,0.01111,0.7068,2020-11-06
FR1377,229E-2008,2,0.003704,0.983,2020-11-06
FR1377,229E-2008,2,0.001235,0.9676,2020-11-06
FR1377,229E-2008,2,0.0004115,0.9858,2020-11-06
FR1377,229E-2008,2,0.0001372,0.9254,2020-11-06
SD87_2,229E-2008,1,0.1,0.6433,2020-11-06
SD87_2,229E-2008,1,0.03333,0.8195,2020-11-06
SD87_2,229E-2008,1,0.01111,0.9525,2020-11-06
SD87_2,229E-2008,1,0.003704,0.8414,2020-11-06
SD87_2,229E-2008,1,0.001235,1.012,2020-11-06
SD87_2,229E-2008,1,0.0004115,1.25,2020-11-06
SD87_2,229E-2008,1,0.0001372,1.072,2020-11-06
SD87_2,229E-2008,2,0.1,0.6242,2020-11-06
SD87_2,229E-2008,2,0.03333,0.8801,2020-11-06
SD87_2,229E-2008,2,0.01111,0.896,2020-11-06
SD87_2,229E-2008,2,0.003704,0.9653,2020-11-06
SD87_2,229E-2008,2,0.001235,0.9441,2020-11-06
SD87_2,229E-2008,2,0.0004115,1.114,2020-11-06
SD87_2,229E-2008,2,0.0001372,1.02,2020-11-06
SD87_4,229E-2008,1,0.1,0.569,2020-11-06
SD87_4,229E-2008,1,0.03333,0.9719,2020-11-06
SD87_4,229E-2008,1,0.01111,0.9939,2020-11-06
SD87_4,229E-2008,1,0.003704,0.9838,2020-11-06
SD87_4,229E-2008,1,0.001235,1.179,2020-11-06
SD87_4,229E-2008,1,0.0004115,1.231,2020-11-06
SD87_4,229E-2008,1,0.0001372,1,2020-11-06
SD87_4,229E-2008,2,0.1,0.6489,2020-11-06
SD87_4,229E-2008,2,0.03333,0.9443,2020-11-06
SD87_4,229E-2008,2,0.01111,1.098,2020-11-06
SD87_4,229E-2008,2,0.003704,0.9766,2020-11-06
SD87_4,229E-2008,2,0.001235,1.026,2020-11-06
SD87_4,229E-2008,2,0.0004115,1.14,2020-11-06
SD87_4,229E-2008,2,0.0001372,1.039,2020-11-06
SD87_6,229E-2008,1,0.1,0.1949,2020-11-06
SD87_6,229E-2008,1,0.03333,0.544,2020-11-06
SD87_6,229E-2008,1,0.01111,0.9005,2020-11-06
SD87_6,229E-2008,1,0.003704,0.9427,2020-11-06
SD87_6,229E-2008,1,0.001235,0.9572,2020-11-06
SD87_6,229E-2008,1,0.0004115,1.052,2020-11-06
SD87_6,229E-2008,1,0.0001372,0.9746,2020-11-06
SD87_6,229E-2008,2,0.1,0.2415,2020-11-06
SD87_6,229E-2008,2,0.03333,0.6329,2020-11-06
SD87_6,229E-2008,2,0.01111,0.7921,2020-11-06
SD87_6,229E-2008,2,0.003704,0.8726,2020-11-06
SD87_6,229E-2008,2,0.001235,1.011,2020-11-06
SD87_6,229E-2008,2,0.0004115,1.108,2020-11-06
SD87_6,229E-2008,2,0.0001372,1.177,2020-11-06
SD85_2,229E-2008,1,0.1,0.8429,2020-11-06
SD85_2,229E-2008,1,0.03333,0.9492,2020-11-06
SD85_2,229E-2008,1,0.01111,0.9916,2020-11-06
SD85_2,229E-2008,1,0.003704,0.877,2020-11-06
SD85_2,229E-2008,1,0.001235,0.9819,2020-11-06
SD85_2,229E-2008,1,0.0004115,1.015,2020-11-06
SD85_2,229E-2008,1,0.0001372,0.9792,2020-11-06
SD85_2,229E-2008,2,0.1,0.6496,2020-11-06
SD85_2,229E-2008,2,0.03333,0.9211,2020-11-06
SD85_2,229E-2008,2,0.01111,1.038,2020-11-06
SD85_2,229E-2008,2,0.003704,0.9061,2020-11-06
SD85_2,229E-2008,2,0.001235,1.024,2020-11-06
SD85_2,229E-2008,2,0.0004115,1.005,2020-11-06
SD85_2,229E-2008,2,0.0001372,1.011,2020-11-06
SD85_3,229E-2008,1,0.1,0.5304,2020-11-06
SD85_3,229E-2008,1,0.03333,0.8737,2020-11-06
SD85_3,229E-2008,1,0.01111,0.8283,2020-11-06
SD85_3,229E-2008,1,0.003704,0.8264,2020-11-06
SD85_3,229E-2008,1,0.001235,0.915,2020-11-06
SD85_3,229E-2008,1,0.0004115,1.095,2020-11-06
SD85_3,229E-2008,1,0.0001372,1.007,2020-11-06
SD85_3,229E-2008,2,0.1,0.4964,2020-11-06
SD85_3,229E-2008,2,0.03333,0.805,2020-11-06
SD85_3,229E-2008,2,0.01111,0.8535,2020-11-06
SD85_3,229E-2008,2,0.003704,0.8015,2020-11-06
SD85_3,229E-2008,2,0.001235,0.9162,2020-11-06
SD85_3,229E-2008,2,0.0004115,1.118,2020-11-06
SD85_3,229E-2008,2,0.0001372,1.073,2020-11-06
SD85_5,229E-2008,1,0.1,0.6346,2020-11-06
SD85_5,229E-2008,1,0.03333,0.8915,2020-11-06
SD85_5,229E-2008,1,0.01111,0.8687,2020-11-06
SD85_5,229E-2008,1,0.003704,0.9842,2020-11-06
SD85_5,229E-2008,1,0.001235,0.9482,2020-11-06
SD85_5,229E-2008,1,0.0004115,1.086,2020-11-06
SD85_5,229E-2008,1,0.0001372,1.096,2020-11-06
SD85_5,229E-2008,2,0.1,0.6767,2020-11-06
SD85_5,229E-2008,2,0.03333,0.8413,2020-11-06
SD85_5,229E-2008,2,0.01111,1.026,2020-11-06
SD85_5,229E-2008,2,0.003704,0.9394,2020-11-06
SD85_5,229E-2008,2,0.001235,1.029,2020-11-06
SD85_5,229E-2008,2,0.0004115,1.035,2020-11-06
SD85_5,229E-2008,2,0.0001372,1.141,2020-11-06
SD86_5,229E-2008,1,0.1,0.1038,2020-11-06
SD86_5,229E-2008,1,0.03333,0.3861,2020-11-06
SD86_5,229E-2008,1,0.01111,0.6811,2020-11-06
SD86_5,229E-2008,1,0.003704,0.7718,2020-11-06
SD86_5,229E-2008,1,0.001235,0.8166,2020-11-06
SD86_5,229E-2008,1,0.0004115,1.201,2020-11-06
SD86_5,229E-2008,1,0.0001372,0.9841,2020-11-06
SD86_5,229E-2008,2,0.1,0.06168,2020-11-06
SD86_5,229E-2008,2,0.03333,0.3685,2020-11-06
SD86_5,229E-2008,2,0.01111,0.708,2020-11-06
SD86_5,229E-2008,2,0.003704,0.7839,2020-11-06
SD86_5,229E-2008,2,0.001235,0.9344,2020-11-06
SD86_5,229E-2008,2,0.0004115,1.009,2020-11-06
SD86_5,229E-2008,2,0.0001372,0.9558,2020-11-06
SD86_6,229E-2008,1,0.1,0.372,2020-11-06
SD86_6,229E-2008,1,0.03333,0.6394,2020-11-06
SD86_6,229E-2008,1,0.01111,0.9297,2020-11-06
SD86_6,229E-2008,1,0.003704,0.9073,2020-11-06
SD86_6,229E-2008,1,0.001235,0.986,2020-11-06
SD86_6,229E-2008,1,0.0004115,1.014,2020-11-06
SD86_6,229E-2008,1,0.0001372,0.9484,2020-11-06
SD86_6,229E-2008,2,0.1,0.3288,2020-11-06
SD86_6,229E-2008,2,0.03333,0.6429,2020-11-06
SD86_6,229E-2008,2,0.01111,0.8556,2020-11-06
SD86_6,229E-2008,2,0.003704,0.9033,2020-11-06
SD86_6,229E-2008,2,0.001235,0.9362,2020-11-06
SD86_6,229E-2008,2,0.0004115,1.068,2020-11-06
SD86_6,229E-2008,2,0.0001372,0.8798,2020-11-06
SD87_5,229E-1984,1,0.1,0.3344,2020-10-16
SD87_5,229E-1984,1,0.03333,0.351,2020-10-16
SD87_5,229E-1984,1,0.01111,0.5023,2020-10-16
SD87_5,229E-1984,1,0.003704,1.228,2020-10-16
SD87_5,229E-1984,1,0.001235,1.215,2020-10-16
SD87_5,229E-1984,1,0.0004115,0.8237,2020-10-16
SD87_5,229E-1984,1,0.0001372,0.6633,2020-10-16
SD87_5,229E-1984,2,0.1,0.349,2020-10-16
SD87_5,229E-1984,2,0.03333,0.5866,2020-10-16
SD87_5,229E-1984,2,0.01111,0.7391,2020-10-16
SD87_5,229E-1984,2,0.003704,0.8677,2020-10-16
SD87_5,229E-1984,2,0.001235,0.9591,2020-10-16
SD87_5,229E-1984,2,0.0004115,0.695,2020-10-16
SD87_5,229E-1984,2,0.0001372,0.9839,2020-10-16
SD87_6,229E-1984,1,0.1,0.00265,2020-10-16
SD87_6,229E-1984,1,0.03333,0.1028,2020-10-16
SD87_6,229E-1984,1,0.01111,0.35,2020-10-16
SD87_6,229E-1984,1,0.003704,0.7833,2020-10-16
SD87_6,229E-1984,1,0.001235,1.45,2020-10-16
SD87_6,229E-1984,1,0.0004115,0.7162,2020-10-16
SD87_6,229E-1984,1,0.0001372,0.9208,2020-10-16
SD87_6,229E-1984,2,0.1,0.01348,2020-10-16
SD87_6,229E-1984,2,0.03333,0.06233,2020-10-16
SD87_6,229E-1984,2,0.01111,0.4421,2020-10-16
SD87_6,229E-1984,2,0.003704,0.7017,2020-10-16
SD87_6,229E-1984,2,0.001235,1.188,2020-10-16
SD87_6,229E-1984,2,0.0004115,0.7366,2020-10-16
SD87_6,229E-1984,2,0.0001372,1.19,2020-10-16
Nothing,229E-1984,1,0.1,1.008,2020-10-16
Nothing,229E-1984,1,0.03333,1.065,2020-10-16
Nothing,229E-1984,1,0.01111,0.6926,2020-10-16
Nothing,229E-1984,1,0.003704,0.9449,2020-10-16
Nothing,229E-1984,1,0.001235,1.245,2020-10-16
Nothing,229E-1984,1,0.0004115,0.9191,2020-10-16
Nothing,229E-1984,1,0.0001372,0.8597,2020-10-16
Nothing,229E-1984,2,0.1,1.13,2020-10-16
Nothing,229E-1984,2,0.03333,0.6265,2020-10-16
Nothing,229E-1984,2,0.01111,0.8623,2020-10-16
Nothing,229E-1984,2,0.003704,0.9971,2020-10-16
Nothing,229E-1984,2,0.001235,1.557,2020-10-16
Nothing,229E-1984,2,0.0004115,0.8883,2020-10-16
Nothing,229E-1984,2,0.0001372,0.9084,2020-10-16
FR1377,229E-1984,1,0.1,0.5642,2020-10-16
FR1377,229E-1984,1,0.03333,0.6966,2020-10-16
FR1377,229E-1984,1,0.01111,0.7716,2020-10-16
FR1377,229E-1984,1,0.003704,1.007,2020-10-16
FR1377,229E-1984,1,0.001235,1.566,2020-10-16
FR1377,229E-1984,1,0.0004115,0.7563,2020-10-16
FR1377,229E-1984,1,0.0001372,1.163,2020-10-16
FR1377,229E-1984,2,0.1,0.5608,2020-10-16
FR1377,229E-1984,2,0.03333,0.8489,2020-10-16
FR1377,229E-1984,2,0.01111,0.8723,2020-10-16
FR1377,229E-1984,2,0.003704,1.224,2020-10-16
FR1377,229E-1984,2,0.001235,1.226,2020-10-16
FR1377,229E-1984,2,0.0004115,0.7085,2020-10-16
FR1377,229E-1984,2,0.0001372,0.8002,2020-10-16
SD87_1,229E-1984,1,0.1,0.05632,2020-10-16
SD87_1,229E-1984,1,0.03333,0.4349,2020-10-16
SD87_1,229E-1984,1,0.01111,0.4802,2020-10-16
SD87_1,229E-1984,1,0.003704,0.5486,2020-10-16
SD87_1,229E-1984,1,0.001235,0.963,2020-10-16
SD87_1,229E-1984,1,0.0004115,1.048,2020-10-16
SD87_1,229E-1984,1,0.0001372,1.145,2020-10-16
SD87_1,229E-1984,2,0.1,0.08215,2020-10-16
SD87_1,229E-1984,2,0.03333,0.3403,2020-10-16
SD87_1,229E-1984,2,0.01111,0.538,2020-10-16
SD87_1,229E-1984,2,0.003704,0.7181,2020-10-16
SD87_1,229E-1984,2,0.001235,1.026,2020-10-16
SD87_1,229E-1984,2,0.0004115,1.32,2020-10-16
SD87_1,229E-1984,2,0.0001372,1.075,2020-10-16
SD87_2,229E-1984,1,0.1,0.01506,2020-10-16
SD87_2,229E-1984,1,0.03333,0.1488,2020-10-16
SD87_2,229E-1984,1,0.01111,0.3432,2020-10-16
SD87_2,229E-1984,1,0.003704,0.5161,2020-10-16
SD87_2,229E-1984,1,0.001235,0.8399,2020-10-16
SD87_2,229E-1984,1,0.0004115,1.245,2020-10-16
SD87_2,229E-1984,1,0.0001372,1.1,2020-10-16
SD87_2,229E-1984,2,0.1,0.01916,2020-10-16
SD87_2,229E-1984,2,0.03333,0.1166,2020-10-16
SD87_2,229E-1984,2,0.01111,0.3521,2020-10-16
SD87_2,229E-1984,2,0.003704,0.5786,2020-10-16
SD87_2,229E-1984,2,0.001235,1.032,2020-10-16
SD87_2,229E-1984,2,0.0004115,0.9808,2020-10-16
SD87_2,229E-1984,2,0.0001372,0.8895,2020-10-16
SD87_3,229E-1984,1,0.1,0.2679,2020-10-16
SD87_3,229E-1984,1,0.03333,0.458,2020-10-16
SD87_3,229E-1984,1,0.01111,0.7036,2020-10-16
SD87_3,229E-1984,1,0.003704,0.6348,2020-10-16
SD87_3,229E-1984,1,0.001235,0.8184,2020-10-16
SD87_3,229E-1984,1,0.0004115,1.503,2020-10-16
SD87_3,229E-1984,1,0.0001372,1.612,2020-10-16
SD87_3,229E-1984,2,0.1,0.1957,2020-10-16
SD87_3,229E-1984,2,0.03333,0.645,2020-10-16
SD87_3,229E-1984,2,0.01111,0.8728,2020-10-16
SD87_3,229E-1984,2,0.003704,0.6606,2020-10-16
SD87_3,229E-1984,2,0.001235,0.7987,2020-10-16
SD87_3,229E-1984,2,0.0004115,1.222,2020-10-16
SD87_3,229E-1984,2,0.0001372,0.9527,2020-10-16
SD87_4,229E-1984,1,0.1,0.002073,2020-10-16
SD87_4,229E-1984,1,0.03333,0.02295,2020-10-16
SD87_4,229E-1984,1,0.01111,0.08983,2020-10-16
SD87_4,229E-1984,1,0.003704,0.3698,2020-10-16
SD87_4,229E-1984,1,0.001235,0.6494,2020-10-16
SD87_4,229E-1984,1,0.0004115,1.141,2020-10-16
SD87_4,229E-1984,1,0.0001372,1.147,2020-10-16
SD87_4,229E-1984,2,0.1,0.0008349,2020-10-16
SD87_4,229E-1984,2,0.03333,0.03148,2020-10-16
SD87_4,229E-1984,2,0.01111,0.09985,2020-10-16
SD87_4,229E-1984,2,0.003704,0.2052,2020-10-16
SD87_4,229E-1984,2,0.001235,1.135,2020-10-16
SD87_4,229E-1984,2,0.0004115,1.074,2020-10-16
SD87_4,229E-1984,2,0.0001372,1.318,2020-10-16
SD86_3,229E-1984,1,0.1,0.3519,2020-10-16
SD86_3,229E-1984,1,0.03333,0.55,2020-10-16
SD86_3,229E-1984,1,0.01111,1.157,2020-10-16
SD86_3,229E-1984,1,0.003704,0.9906,2020-10-16
SD86_3,229E-1984,1,0.001235,0.848,2020-10-16
SD86_3,229E-1984,1,0.0004115,0.9637,2020-10-16
SD86_3,229E-1984,1,0.0001372,0.9658,2020-10-16
SD86_3,229E-1984,2,0.1,0.272,2020-10-16
SD86_3,229E-1984,2,0.03333,0.9736,2020-10-16
SD86_3,229E-1984,2,0.01111,0.9088,2020-10-16
SD86_3,229E-1984,2,0.003704,1.108,2020-10-16
SD86_3,229E-1984,2,0.001235,1.019,2020-10-16
SD86_3,229E-1984,2,0.0004115,1.193,2020-10-16
SD86_3,229E-1984,2,0.0001372,0.969,2020-10-16
SD86_4,229E-1984,1,0.1,0.1483,2020-10-16
SD86_4,229E-1984,1,0.03333,0.7061,2020-10-16
SD86_4,229E-1984,1,0.01111,0.6613,2020-10-16
SD86_4,229E-1984,1,0.003704,0.9303,2020-10-16
SD86_4,229E-1984,1,0.001235,1.271,2020-10-16
SD86_4,229E-1984,1,0.0004115,1.126,2020-10-16
SD86_4,229E-1984,1,0.0001372,0.7834,2020-10-16
SD86_4,229E-1984,2,0.1,0.08585,2020-10-16
SD86_4,229E-1984,2,0.03333,0.5488,2020-10-16
SD86_4,229E-1984,2,0.01111,0.7378,2020-10-16
SD86_4,229E-1984,2,0.003704,0.6893,2020-10-16
SD86_4,229E-1984,2,0.001235,1.319,2020-10-16
SD86_4,229E-1984,2,0.0004115,1.272,2020-10-16
SD86_4,229E-1984,2,0.0001372,0.9688,2020-10-16
SD86_5,229E-1984,1,0.1,0.01023,2020-10-16
SD86_5,229E-1984,1,0.03333,0.09724,2020-10-16
SD86_5,229E-1984,1,0.01111,0.4037,2020-10-16
SD86_5,229E-1984,1,0.003704,0.7217,2020-10-16
SD86_5,229E-1984,1,0.001235,0.8225,2020-10-16
SD86_5,229E-1984,1,0.0004115,1.087,2020-10-16
SD86_5,229E-1984,1,0.0001372,0.9797,2020-10-16
SD86_5,229E-1984,2,0.1,0.008488,2020-10-16
SD86_5,229E-1984,2,0.03333,0.08356,2020-10-16
SD86_5,229E-1984,2,0.01111,0.3644,2020-10-16
SD86_5,229E-1984,2,0.003704,0.7202,2020-10-16
SD86_5,229E-1984,2,0.001235,1.056,2020-10-16
SD86_5,229E-1984,2,0.0004115,0.9765,2020-10-16
SD86_5,229E-1984,2,0.0001372,0.8787,2020-10-16
SD86_6,229E-1984,1,0.1,0.03225,2020-10-16
SD86_6,229E-1984,1,0.03333,0.2249,2020-10-16
SD86_6,229E-1984,1,0.01111,0.5728,2020-10-16
SD86_6,229E-1984,1,0.003704,0.5346,2020-10-16
SD86_6,229E-1984,1,0.001235,0.7364,2020-10-16
SD86_6,229E-1984,1,0.0004115,1.098,2020-10-16
SD86_6,229E-1984,1,0.0001372,0.8899,2020-10-16
SD86_6,229E-1984,2,0.1,0.01576,2020-10-16
SD86_6,229E-1984,2,0.03333,0.2765,2020-10-16
SD86_6,229E-1984,2,0.01111,0.4059,2020-10-16
SD86_6,229E-1984,2,0.003704,0.7608,2020-10-16
SD86_6,229E-1984,2,0.001235,1.056,2020-10-16
SD86_6,229E-1984,2,0.0004115,0.7983,2020-10-16
SD86_6,229E-1984,2,0.0001372,1.185,2020-10-16
SD85_5,229E-1984,1,0.1,0.02785,2020-10-16
SD85_5,229E-1984,1,0.03333,0.1261,2020-10-16
SD85_5,229E-1984,1,0.01111,0.3916,2020-10-16
SD85_5,229E-1984,1,0.003704,0.9313,2020-10-16
SD85_5,229E-1984,1,0.001235,0.901,2020-10-16
SD85_5,229E-1984,1,0.0004115,0.7028,2020-10-16
SD85_5,229E-1984,1,0.0001372,1.129,2020-10-16
SD85_5,229E-1984,2,0.1,0.01938,2020-10-16
SD85_5,229E-1984,2,0.03333,0.1616,2020-10-16
SD85_5,229E-1984,2,0.01111,0.3154,2020-10-16
SD85_5,229E-1984,2,0.003704,1.066,2020-10-16
SD85_5,229E-1984,2,0.001235,0.6573,2020-10-16
SD85_5,229E-1984,2,0.0004115,0.8575,2020-10-16
SD85_5,229E-1984,2,0.0001372,1.08,2020-10-16
SD85_6,229E-1984,1,0.1,0.1183,2020-10-16
SD85_6,229E-1984,1,0.03333,0.598,2020-10-16
SD85_6,229E-1984,1,0.01111,0.5422,2020-10-16
SD85_6,229E-1984,1,0.003704,0.6323,2020-10-16
SD85_6,229E-1984,1,0.001235,0.773,2020-10-16
SD85_6,229E-1984,1,0.0004115,1.045,2020-10-16
SD85_6,229E-1984,1,0.0001372,0.9421,2020-10-16
SD85_6,229E-1984,2,0.1,0.1931,2020-10-16
SD85_6,229E-1984,2,0.03333,0.4375,2020-10-16
SD85_6,229E-1984,2,0.01111,0.5411,2020-10-16
SD85_6,229E-1984,2,0.003704,1.235,2020-10-16
SD85_6,229E-1984,2,0.001235,0.7561,2020-10-16
SD85_6,229E-1984,2,0.0004115,0.8047,2020-10-16
SD85_6,229E-1984,2,0.0001372,1.002,2020-10-16
SD86_1,229E-1984,1,0.1,0.5449,2020-10-16
SD86_1,229E-1984,1,0.03333,0.6226,2020-10-16
SD86_1,229E-1984,1,0.01111,0.5908,2020-10-16
SD86_1,229E-1984,1,0.003704,1.017,2020-10-16
SD86_1,229E-1984,1,0.001235,0.9972,2020-10-16
SD86_1,229E-1984,1,0.0004115,0.7527,2020-10-16
SD86_1,229E-1984,1,0.0001372,0.9439,2020-10-16
SD86_1,229E-1984,2,0.1,0.5665,2020-10-16
SD86_1,229E-1984,2,0.03333,0.7713,2020-10-16
SD86_1,229E-1984,2,0.01111,0.8322,2020-10-16
SD86_1,229E-1984,2,0.003704,1.211,2020-10-16
SD86_1,229E-1984,2,0.001235,0.7164,2020-10-16
SD86_1,229E-1984,2,0.0004115,1.124,2020-10-16
SD86_1,229E-1984,2,0.0001372,0.7697,2020-10-16
SD86_2,229E-1984,1,0.1,0.2406,2020-10-16
SD86_2,229E-1984,1,0.03333,0.3564,2020-10-16
SD86_2,229E-1984,1,0.01111,0.7336,2020-10-16
SD86_2,229E-1984,1,0.003704,0.8196,2020-10-16
SD86_2,229E-1984,1,0.001235,0.928,2020-10-16
SD86_2,229E-1984,1,0.0004115,0.8052,2020-10-16
SD86_2,229E-1984,1,0.0001372,0.7027,2020-10-16
SD86_2,229E-1984,2,0.1,0.1643,2020-10-16
SD86_2,229E-1984,2,0.03333,0.5693,2020-10-16
SD86_2,229E-1984,2,0.01111,0.6717,2020-10-16
SD86_2,229E-1984,2,0.003704,0.8255,2020-10-16
SD86_2,229E-1984,2,0.001235,0.7786,2020-10-16
SD86_2,229E-1984,2,0.0004115,0.8287,2020-10-16
SD86_2,229E-1984,2,0.0001372,0.854,2020-10-16
SD85_1,229E-1984,1,0.1,0.26,2020-10-16
SD85_1,229E-1984,1,0.03333,0.5215,2020-10-16
SD85_1,229E-1984,1,0.01111,0.9673,2020-10-16
SD85_1,229E-1984,1,0.003704,0.697,2020-10-16
SD85_1,229E-1984,1,0.001235,0.7599,2020-10-16
SD85_1,229E-1984,1,0.0004115,0.8225,2020-10-16
SD85_1,229E-1984,1,0.0001372,0.732,2020-10-16
SD85_1,229E-1984,2,0.1,0.3312,2020-10-16
SD85_1,229E-1984,2,0.03333,0.4666,2020-10-16
SD85_1,229E-1984,2,0.01111,1.068,2020-10-16
SD85_1,229E-1984,2,0.003704,0.7854,2020-10-16
SD85_1,229E-1984,2,0.001235,1.113,2020-10-16
SD85_1,229E-1984,2,0.0004115,0.9352,2020-10-16
SD85_1,229E-1984,2,0.0001372,0.8588,2020-10-16
SD85_2,229E-1984,1,0.1,0.7718,2020-10-16
SD85_2,229E-1984,1,0.03333,1.126,2020-10-16
SD85_2,229E-1984,1,0.01111,0.9533,2020-10-16
SD85_2,229E-1984,1,0.003704,0.8349,2020-10-16
SD85_2,229E-1984,1,0.001235,0.9466,2020-10-16
SD85_2,229E-1984,1,0.0004115,1.05,2020-10-16
SD85_2,229E-1984,1,0.0001372,1.194,2020-10-16
SD85_2,229E-1984,2,0.1,0.5518,2020-10-16
SD85_2,229E-1984,2,0.03333,0.8181,2020-10-16
SD85_2,229E-1984,2,0.01111,1.267,2020-10-16
SD85_2,229E-1984,2,0.003704,1.005,2020-10-16
SD85_2,229E-1984,2,0.001235,1.266,2020-10-16
SD85_2,229E-1984,2,0.0004115,1.155,2020-10-16
SD85_2,229E-1984,2,0.0001372,1.036,2020-10-16
SD85_3,229E-1984,1,0.1,0.0006898,2020-10-16
SD85_3,229E-1984,1,0.03333,0.01599,2020-10-16
SD85_3,229E-1984,1,0.01111,0.1603,2020-10-16
SD85_3,229E-1984,1,0.003704,0.4431,2020-10-16
SD85_3,229E-1984,1,0.001235,0.6259,2020-10-16
SD85_3,229E-1984,1,0.0004115,0.922,2020-10-16
SD85_3,229E-1984,1,0.0001372,0.8425,2020-10-16
SD85_3,229E-1984,2,0.1,0.001597,2020-10-16
SD85_3,229E-1984,2,0.03333,0.04715,2020-10-16
SD85_3,229E-1984,2,0.01111,0.1941,2020-10-16
SD85_3,229E-1984,2,0.003704,0.5324,2020-10-16
SD85_3,229E-1984,2,0.001235,0.7514,2020-10-16
SD85_3,229E-1984,2,0.0004115,0.9939,2020-10-16
SD85_3,229E-1984,2,0.0001372,0.8984,2020-10-16
SD85_4,229E-1984,1,0.1,0.4078,2020-10-16
SD85_4,229E-1984,1,0.03333,0.9575,2020-10-16
SD85_4,229E-1984,1,0.01111,1.485,2020-10-16
SD85_4,229E-1984,1,0.003704,0.7761,2020-10-16
SD85_4,229E-1984,1,0.001235,1.007,2020-10-16
SD85_4,229E-1984,1,0.0004115,1.196,2020-10-16
SD85_4,229E-1984,1,0.0001372,1.406,2020-10-16
SD85_4,229E-1984,2,0.1,0.523,2020-10-16
SD85_4,229E-1984,2,0.03333,0.9132,2020-10-16
SD85_4,229E-1984,2,0.01111,1.163,2020-10-16
SD85_4,229E-1984,2,0.003704,1.026,2020-10-16
SD85_4,229E-1984,2,0.001235,0.9783,2020-10-16
SD85_4,229E-1984,2,0.0004115,0.9873,2020-10-16
SD85_4,229E-1984,2,0.0001372,1.082,2020-10-16
SD95_7,229E-2016,1,0.1,0.5842,2020-11-12
SD95_7,229E-2016,1,0.03333,0.7513,2020-11-12
SD95_7,229E-2016,1,0.01111,0.8317,2020-11-12
SD95_7,229E-2016,1,0.003704,1.109,2020-11-12
SD95_7,229E-2016,1,0.001235,1.128,2020-11-12
SD95_7,229E-2016,1,0.0004115,1.144,2020-11-12
SD95_7,229E-2016,1,0.0001372,0.9888,2020-11-12
SD95_7,229E-2016,2,0.1,0.5451,2020-11-12
SD95_7,229E-2016,2,0.03333,0.7614,2020-11-12
SD95_7,229E-2016,2,0.01111,0.7818,2020-11-12
SD95_7,229E-2016,2,0.003704,0.956,2020-11-12
SD95_7,229E-2016,2,0.001235,1.053,2020-11-12
SD95_7,229E-2016,2,0.0004115,1.064,2020-11-12
SD95_7,229E-2016,2,0.0001372,1.089,2020-11-12
FR1377,229E-2016,1,0.1,0.6842,2020-11-12
FR1377,229E-2016,1,0.03333,0.7678,2020-11-12
FR1377,229E-2016,1,0.01111,0.8361,2020-11-12
FR1377,229E-2016,1,0.003704,1.004,2020-11-12
FR1377,229E-2016,1,0.001235,1.022,2020-11-12
FR1377,229E-2016,1,0.0004115,0.9553,2020-11-12
FR1377,229E-2016,1,0.0001372,1.112,2020-11-12
FR1377,229E-2016,2,0.1,0.6326,2020-11-12
FR1377,229E-2016,2,0.03333,0.8205,2020-11-12
FR1377,229E-2016,2,0.01111,0.8806,2020-11-12
FR1377,229E-2016,2,0.003704,1.079,2020-11-12
FR1377,229E-2016,2,0.001235,1.067,2020-11-12
FR1377,229E-2016,2,0.0004115,1.131,2020-11-12
FR1377,229E-2016,2,0.0001372,1.119,2020-11-12
SD93_1,229E-2016,1,0.1,0.02266,2020-11-12
SD93_1,229E-2016,1,0.03333,0.1917,2020-11-12
SD93_1,229E-2016,1,0.01111,0.4652,2020-11-12
SD93_1,229E-2016,1,0.003704,0.9288,2020-11-12
SD93_1,229E-2016,1,0.001235,1.017,2020-11-12
SD93_1,229E-2016,1,0.0004115,0.9954,2020-11-12
SD93_1,229E-2016,1,0.0001372,0.9359,2020-11-12
SD93_1,229E-2016,2,0.1,0.03313,2020-11-12
SD93_1,229E-2016,2,0.03333,0.2308,2020-11-12
SD93_1,229E-2016,2,0.01111,0.5161,2020-11-12
SD93_1,229E-2016,2,0.003704,0.7631,2020-11-12
SD93_1,229E-2016,2,0.001235,0.9554,2020-11-12
SD93_1,229E-2016,2,0.0004115,0.96,2020-11-12
SD93_1,229E-2016,2,0.0001372,0.8286,2020-11-12
SD93_4,229E-2016,1,0.1,0.4218,2020-11-12
SD93_4,229E-2016,1,0.03333,0.8217,2020-11-12
SD93_4,229E-2016,1,0.01111,0.9306,2020-11-12
SD93_4,229E-2016,1,0.003704,1.007,2020-11-12
SD93_4,229E-2016,1,0.001235,1.158,2020-11-12
SD93_4,229E-2016,1,0.0004115,0.9417,2020-11-12
SD93_4,229E-2016,1,0.0001372,0.9067,2020-11-12
SD93_4,229E-2016,2,0.1,0.4386,2020-11-12
SD93_4,229E-2016,2,0.03333,0.8114,2020-11-12
SD93_4,229E-2016,2,0.01111,0.9284,2020-11-12
SD93_4,229E-2016,2,0.003704,0.9857,2020-11-12
SD93_4,229E-2016,2,0.001235,1.161,2020-11-12
SD93_4,229E-2016,2,0.0004115,1.093,2020-11-12
SD93_4,229E-2016,2,0.0001372,0.9375,2020-11-12
SD95_3,229E-2016,1,0.1,0.194,2020-11-12
SD95_3,229E-2016,1,0.03333,0.5564,2020-11-12
SD95_3,229E-2016,1,0.01111,0.7319,2020-11-12
SD95_3,229E-2016,1,0.003704,1.017,2020-11-12
SD95_3,229E-2016,1,0.001235,1.046,2020-11-12
SD95_3,229E-2016,1,0.0004115,0.9834,2020-11-12
SD95_3,229E-2016,1,0.0001372,0.9566,2020-11-12
SD95_3,229E-2016,2,0.1,0.1922,2020-11-12
SD95_3,229E-2016,2,0.03333,0.5439,2020-11-12
SD95_3,229E-2016,2,0.01111,0.744,2020-11-12
SD95_3,229E-2016,2,0.003704,1.001,2020-11-12
SD95_3,229E-2016,2,0.001235,1.175,2020-11-12
SD95_3,229E-2016,2,0.0004115,0.9633,2020-11-12
SD95_3,229E-2016,2,0.0001372,1.009,2020-11-12
SD95_4,229E-2016,1,0.1,0.4301,2020-11-12
SD95_4,229E-2016,1,0.03333,0.7356,2020-11-12
SD95_4,229E-2016,1,0.01111,0.8967,2020-11-12
SD95_4,229E-2016,1,0.003704,1.131,2020-11-12
SD95_4,229E-2016,1,0.001235,0.9941,2020-11-12
SD95_4,229E-2016,1,0.0004115,0.9755,2020-11-12
SD95_4,229E-2016,1,0.0001372,0.9438,2020-11-12
SD95_4,229E-2016,2,0.1,0.4381,2020-11-12
SD95_4,229E-2016,2,0.03333,0.6953,2020-11-12
SD95_4,229E-2016,2,0.01111,0.911,2020-11-12
SD95_4,229E-2016,2,0.003704,1.056,2020-11-12
SD95_4,229E-2016,2,0.001235,1.188,2020-11-12
SD95_4,229E-2016,2,0.0004115,1.009,2020-11-12
SD95_4,229E-2016,2,0.0001372,1.026,2020-11-12
SD95_7,229E-2008,1,0.1,0.3949,2020-11-12
SD95_7,229E-2008,1,0.03333,0.6364,2020-11-12
SD95_7,229E-2008,1,0.01111,1.064,2020-11-12
SD95_7,229E-2008,1,0.003704,0.9241,2020-11-12
SD95_7,229E-2008,1,0.001235,1.049,2020-11-12
SD95_7,229E-2008,1,0.0004115,0.8946,2020-11-12
SD95_7,229E-2008,1,0.0001372,1.226,2020-11-12
SD95_7,229E-2008,2,0.1,0.4524,2020-11-12
SD95_7,229E-2008,2,0.03333,0.6681,2020-11-12
SD95_7,229E-2008,2,0.01111,0.9179,2020-11-12
SD95_7,229E-2008,2,0.003704,0.9836,2020-11-12
SD95_7,229E-2008,2,0.001235,1.014,2020-11-12
SD95_7,229E-2008,2,0.0004115,0.9309,2020-11-12
SD95_7,229E-2008,2,0.0001372,1.014,2020-11-12
FR1377,229E-2008,1,0.1,0.7901,2020-11-12
FR1377,229E-2008,1,0.03333,0.6224,2020-11-12
FR1377,229E-2008,1,0.01111,0.8647,2020-11-12
FR1377,229E-2008,1,0.003704,0.9416,2020-11-12
FR1377,229E-2008,1,0.001235,0.8802,2020-11-12
FR1377,229E-2008,1,0.0004115,0.8424,2020-11-12
FR1377,229E-2008,1,0.0001372,1.131,2020-11-12
FR1377,229E-2008,2,0.1,0.7986,2020-11-12
FR1377,229E-2008,2,0.03333,0.7569,2020-11-12
FR1377,229E-2008,2,0.01111,1.012,2020-11-12
FR1377,229E-2008,2,0.003704,1.032,2020-11-12
FR1377,229E-2008,2,0.001235,1.056,2020-11-12
FR1377,229E-2008,2,0.0004115,0.9174,2020-11-12
FR1377,229E-2008,2,0.0001372,1.152,2020-11-12
SD93_1,229E-2008,1,0.1,0.00634,2020-11-12
SD93_1,229E-2008,1,0.03333,0.08721,2020-11-12
SD93_1,229E-2008,1,0.01111,0.3455,2020-11-12
SD93_1,229E-2008,1,0.003704,0.76,2020-11-12
SD93_1,229E-2008,1,0.001235,0.8073,2020-11-12
SD93_1,229E-2008,1,0.0004115,0.9023,2020-11-12
SD93_1,229E-2008,1,0.0001372,0.9478,2020-11-12
SD93_1,229E-2008,2,0.1,0.01017,2020-11-12
SD93_1,229E-2008,2,0.03333,0.15,2020-11-12
SD93_1,229E-2008,2,0.01111,0.3244,2020-11-12
SD93_1,229E-2008,2,0.003704,0.8473,2020-11-12
SD93_1,229E-2008,2,0.001235,0.8775,2020-11-12
SD93_1,229E-2008,2,0.0004115,0.9201,2020-11-12
SD93_1,229E-2008,2,0.0001372,1.09,2020-11-12
SD93_4,229E-2008,1,0.1,0.1336,2020-11-12
SD93_4,229E-2008,1,0.03333,0.3923,2020-11-12
SD93_4,229E-2008,1,0.01111,0.7157,2020-11-12
SD93_4,229E-2008,1,0.003704,0.8498,2020-11-12
SD93_4,229E-2008,1,0.001235,0.9031,2020-11-12
SD93_4,229E-2008,1,0.0004115,0.7907,2020-11-12
SD93_4,229E-2008,1,0.0001372,1.069,2020-11-12
SD93_4,229E-2008,2,0.1,0.1472,2020-11-12
SD93_4,229E-2008,2,0.03333,0.4086,2020-11-12
SD93_4,229E-2008,2,0.01111,0.716,2020-11-12
SD93_4,229E-2008,2,0.003704,0.9444,2020-11-12
SD93_4,229E-2008,2,0.001235,1.06,2020-11-12
SD93_4,229E-2008,2,0.0004115,0.992,2020-11-12
SD93_4,229E-2008,2,0.0001372,1.111,2020-11-12
SD95_3,229E-2008,1,0.1,0.07319,2020-11-12
SD95_3,229E-2008,1,0.03333,0.2723,2020-11-12
SD95_3,229E-2008,1,0.01111,0.5871,2020-11-12
SD95_3,229E-2008,1,0.003704,0.9386,2020-11-12
SD95_3,229E-2008,1,0.001235,0.9387,2020-11-12
SD95_3,229E-2008,1,0.0004115,0.9303,2020-11-12
SD95_3,229E-2008,1,0.0001372,0.9643,2020-11-12
SD95_3,229E-2008,2,0.1,0.03017,2020-11-12
SD95_3,229E-2008,2,0.03333,0.1867,2020-11-12
SD95_3,229E-2008,2,0.01111,0.5206,2020-11-12
SD95_3,229E-2008,2,0.003704,0.9083,2020-11-12
SD95_3,229E-2008,2,0.001235,0.9228,2020-11-12
SD95_3,229E-2008,2,0.0004115,0.8142,2020-11-12
SD95_3,229E-2008,2,0.0001372,1.125,2020-11-12
SD95_4,229E-2008,1,0.1,0.1464,2020-11-12
SD95_4,229E-2008,1,0.03333,0.3181,2020-11-12
SD95_4,229E-2008,1,0.01111,0.6724,2020-11-12
SD95_4,229E-2008,1,0.003704,0.9477,2020-11-12
SD95_4,229E-2008,1,0.001235,0.9828,2020-11-12
SD95_4,229E-2008,1,0.0004115,0.8769,2020-11-12
SD95_4,229E-2008,1,0.0001372,0.9465,2020-11-12
SD95_4,229E-2008,2,0.1,0.1462,2020-11-12
SD95_4,229E-2008,2,0.03333,0.3626,2020-11-12
SD95_4,229E-2008,2,0.01111,0.7893,2020-11-12
SD95_4,229E-2008,2,0.003704,1.032,2020-11-12
SD95_4,229E-2008,2,0.001235,0.8392,2020-11-12
SD95_4,229E-2008,2,0.0004115,0.9411,2020-11-12
SD95_4,229E-2008,2,0.0001372,0.8943,2020-11-12
SD95_7,229E-2001,1,0.1,0.2826,2020-11-12
SD95_7,229E-2001,1,0.03333,0.5624,2020-11-12
SD95_7,229E-2001,1,0.01111,0.7965,2020-11-12
SD95_7,229E-2001,1,0.003704,0.9698,2020-11-12
SD95_7,229E-2001,1,0.001235,0.943,2020-11-12
SD95_7,229E-2001,1,0.0004115,1.034,2020-11-12
SD95_7,229E-2001,1,0.0001372,0.9882,2020-11-12
SD95_7,229E-2001,2,0.1,0.282,2020-11-12
SD95_7,229E-2001,2,0.03333,0.4637,2020-11-12
SD95_7,229E-2001,2,0.01111,0.791,2020-11-12
SD95_7,229E-2001,2,0.003704,0.8315,2020-11-12
SD95_7,229E-2001,2,0.001235,0.8879,2020-11-12
SD95_7,229E-2001,2,0.0004115,0.8974,2020-11-12
SD95_7,229E-2001,2,0.0001372,0.9704,2020-11-12
FR1377,229E-2001,1,0.1,0.7045,2020-11-12
FR1377,229E-2001,1,0.03333,0.7673,2020-11-12
FR1377,229E-2001,1,0.01111,0.819,2020-11-12
FR1377,229E-2001,1,0.003704,0.8774,2020-11-12
FR1377,229E-2001,1,0.001235,0.8752,2020-11-12
FR1377,229E-2001,1,0.0004115,0.9281,2020-11-12
FR1377,229E-2001,1,0.0001372,0.9621,2020-11-12
FR1377,229E-2001,2,0.1,0.709,2020-11-12
FR1377,229E-2001,2,0.03333,0.8023,2020-11-12
FR1377,229E-2001,2,0.01111,0.8757,2020-11-12
FR1377,229E-2001,2,0.003704,1.084,2020-11-12
FR1377,229E-2001,2,0.001235,0.9085,2020-11-12
FR1377,229E-2001,2,0.0004115,0.9969,2020-11-12
FR1377,229E-2001,2,0.0001372,1.004,2020-11-12
SD93_1,229E-2001,1,0.1,0.0236,2020-11-12
SD93_1,229E-2001,1,0.03333,0.1575,2020-11-12
SD93_1,229E-2001,1,0.01111,0.4532,2020-11-12
SD93_1,229E-2001,1,0.003704,0.75,2020-11-12
SD93_1,229E-2001,1,0.001235,0.8091,2020-11-12
SD93_1,229E-2001,1,0.0004115,1.041,2020-11-12
SD93_1,229E-2001,1,0.0001372,1.047,2020-11-12
SD93_1,229E-2001,2,0.1,0.01763,2020-11-12
SD93_1,229E-2001,2,0.03333,0.1275,2020-11-12
SD93_1,229E-2001,2,0.01111,0.3704,2020-11-12
SD93_1,229E-2001,2,0.003704,0.7595,2020-11-12
SD93_1,229E-2001,2,0.001235,0.9276,2020-11-12
SD93_1,229E-2001,2,0.0004115,0.9178,2020-11-12
SD93_1,229E-2001,2,0.0001372,1.236,2020-11-12
SD93_4,229E-2001,1,0.1,0.02495,2020-11-12
SD93_4,229E-2001,1,0.03333,0.2248,2020-11-12
SD93_4,229E-2001,1,0.01111,0.4821,2020-11-12
SD93_4,229E-2001,1,0.003704,0.8629,2020-11-12
SD93_4,229E-2001,1,0.001235,0.9937,2020-11-12
SD93_4,229E-2001,1,0.0004115,0.9553,2020-11-12
SD93_4,229E-2001,1,0.0001372,1.187,2020-11-12
SD93_4,229E-2001,2,0.1,0.01988,2020-11-12
SD93_4,229E-2001,2,0.03333,0.2044,2020-11-12
SD93_4,229E-2001,2,0.01111,0.5568,2020-11-12
SD93_4,229E-2001,2,0.003704,0.9395,2020-11-12
SD93_4,229E-2001,2,0.001235,1.026,2020-11-12
SD93_4,229E-2001,2,0.0004115,1.109,2020-11-12
SD93_4,229E-2001,2,0.0001372,1.145,2020-11-12
SD95_3,229E-2001,1,0.1,0.07099,2020-11-12
SD95_3,229E-2001,1,0.03333,0.2845,2020-11-12
SD95_3,229E-2001,1,0.01111,0.6481,2020-11-12
SD95_3,229E-2001,1,0.003704,0.8593,2020-11-12
SD95_3,229E-2001,1,0.001235,0.9102,2020-11-12
SD95_3,229E-2001,1,0.0004115,1.021,2020-11-12
SD95_3,229E-2001,1,0.0001372,1.051,2020-11-12
SD95_3,229E-2001,2,0.1,0.07541,2020-11-12
SD95_3,229E-2001,2,0.03333,0.2982,2020-11-12
SD95_3,229E-2001,2,0.01111,0.6318,2020-11-12
SD95_3,229E-2001,2,0.003704,0.9185,2020-11-12
SD95_3,229E-2001,2,0.001235,1.032,2020-11-12
SD95_3,229E-2001,2,0.0004115,1.021,2020-11-12
SD95_3,229E-2001,2,0.0001372,1.035,2020-11-12
SD95_4,229E-2001,1,0.1,0.07931,2020-11-12
SD95_4,229E-2001,1,0.03333,0.3513,2020-11-12
SD95_4,229E-2001,1,0.01111,0.5998,2020-11-12
SD95_4,229E-2001,1,0.003704,1.129,2020-11-12
SD95_4,229E-2001,1,0.001235,1.004,2020-11-12
SD95_4,229E-2001,1,0.0004115,1.011,2020-11-12
SD95_4,229E-2001,1,0.0001372,1.08,2020-11-12
SD95_4,229E-2001,2,0.1,0.07231,2020-11-12
SD95_4,229E-2001,2,0.03333,0.2171,2020-11-12
SD95_4,229E-2001,2,0.01111,0.6193,2020-11-12
SD95_4,229E-2001,2,0.003704,0.9133,2020-11-12
SD95_4,229E-2001,2,0.001235,1.023,2020-11-12
SD95_4,229E-2001,2,0.0004115,0.9661,2020-11-12
SD95_4,229E-2001,2,0.0001372,1.138,2020-11-12
SD95_7,229E-1984,1,0.1,0.08921,2020-11-12
SD95_7,229E-1984,1,0.03333,0.2627,2020-11-12
SD95_7,229E-1984,1,0.01111,0.6724,2020-11-12
SD95_7,229E-1984,1,0.003704,0.8386,2020-11-12
SD95_7,229E-1984,1,0.001235,1.177,2020-11-12
SD95_7,229E-1984,1,0.0004115,0.9834,2020-11-12
SD95_7,229E-1984,1,0.0001372,1.046,2020-11-12
SD95_7,229E-1984,2,0.1,0.1005,2020-11-12
SD95_7,229E-1984,2,0.03333,0.3526,2020-11-12
SD95_7,229E-1984,2,0.01111,0.6256,2020-11-12
SD95_7,229E-1984,2,0.003704,0.87,2020-11-12
SD95_7,229E-1984,2,0.001235,1.161,2020-11-12
SD95_7,229E-1984,2,0.0004115,1.007,2020-11-12
SD95_7,229E-1984,2,0.0001372,1.006,2020-11-12
FR1377,229E-1984,1,0.1,0.7155,2020-11-12
FR1377,229E-1984,1,0.03333,0.8007,2020-11-12
FR1377,229E-1984,1,0.01111,0.9167,2020-11-12
FR1377,229E-1984,1,0.003704,0.9329,2020-11-12
FR1377,229E-1984,1,0.001235,1.143,2020-11-12
FR1377,229E-1984,1,0.0004115,0.9125,2020-11-12
FR1377,229E-1984,1,0.0001372,0.9527,2020-11-12
FR1377,229E-1984,2,0.1,0.8404,2020-11-12
FR1377,229E-1984,2,0.03333,0.8377,2020-11-12
FR1377,229E-1984,2,0.01111,0.8769,2020-11-12
FR1377,229E-1984,2,0.003704,0.9836,2020-11-12
FR1377,229E-1984,2,0.001235,1.128,2020-11-12
FR1377,229E-1984,2,0.0004115,0.9999,2020-11-12
FR1377,229E-1984,2,0.0001372,1.081,2020-11-12
SD93_1,229E-1984,1,0.1,0.002485,2020-11-12
SD93_1,229E-1984,1,0.03333,0.07184,2020-11-12
SD93_1,229E-1984,1,0.01111,0.2777,2020-11-12
SD93_1,229E-1984,1,0.003704,0.6195,2020-11-12
SD93_1,229E-1984,1,0.001235,0.9879,2020-11-12
SD93_1,229E-1984,1,0.0004115,0.9327,2020-11-12
SD93_1,229E-1984,1,0.0001372,1.137,2020-11-12
SD93_1,229E-1984,2,0.1,0.009584,2020-11-12
SD93_1,229E-1984,2,0.03333,0.06833,2020-11-12
SD93_1,229E-1984,2,0.01111,0.3487,2020-11-12
SD93_1,229E-1984,2,0.003704,0.7304,2020-11-12
SD93_1,229E-1984,2,0.001235,1.044,2020-11-12
SD93_1,229E-1984,2,0.0004115,0.9603,2020-11-12
SD93_1,229E-1984,2,0.0001372,0.9886,2020-11-12
SD93_4,229E-1984,1,0.1,-0.0002368,2020-11-12
SD93_4,229E-1984,1,0.03333,0.001349,2020-11-12
SD93_4,229E-1984,1,0.01111,0.05688,2020-11-12
SD93_4,229E-1984,1,0.003704,0.3278,2020-11-12
SD93_4,229E-1984,1,0.001235,0.7967,2020-11-12
SD93_4,229E-1984,1,0.0004115,0.8587,2020-11-12
SD93_4,229E-1984,1,0.0001372,0.9006,2020-11-12
SD93_4,229E-1984,2,0.1,-0.0002368,2020-11-12
SD93_4,229E-1984,2,0.03333,0.001544,2020-11-12
SD93_4,229E-1984,2,0.01111,0.04612,2020-11-12
SD93_4,229E-1984,2,0.003704,0.2796,2020-11-12
SD93_4,229E-1984,2,0.001235,0.8273,2020-11-12
SD93_4,229E-1984,2,0.0004115,0.9359,2020-11-12
SD93_4,229E-1984,2,0.0001372,0.8823,2020-11-12
SD95_3,229E-1984,1,0.1,0.0003641,2020-11-12
SD95_3,229E-1984,1,0.03333,0.02424,2020-11-12
SD95_3,229E-1984,1,0.01111,0.1937,2020-11-12
SD95_3,229E-1984,1,0.003704,0.5689,2020-11-12
SD95_3,229E-1984,1,0.001235,1.025,2020-11-12
SD95_3,229E-1984,1,0.0004115,0.8703,2020-11-12
SD95_3,229E-1984,1,0.0001372,1.028,2020-11-12
SD95_3,229E-1984,2,0.1,8.95e-05,2020-11-12
SD95_3,229E-1984,2,0.03333,0.01649,2020-11-12
SD95_3,229E-1984,2,0.01111,0.1454,2020-11-12
SD95_3,229E-1984,2,0.003704,0.5631,2020-11-12
SD95_3,229E-1984,2,0.001235,0.8545,2020-11-12
SD95_3,229E-1984,2,0.0004115,0.8881,2020-11-12
SD95_3,229E-1984,2,0.0001372,1.124,2020-11-12
SD95_4,229E-1984,1,0.1,0.02237,2020-11-12
SD95_4,229E-1984,1,0.03333,0.2575,2020-11-12
SD95_4,229E-1984,1,0.01111,0.6285,2020-11-12
SD95_4,229E-1984,1,0.003704,0.8234,2020-11-12
SD95_4,229E-1984,1,0.001235,1.123,2020-11-12
SD95_4,229E-1984,1,0.0004115,0.8583,2020-11-12
SD95_4,229E-1984,1,0.0001372,0.9494,2020-11-12
SD95_4,229E-1984,2,0.1,0.04495,2020-11-12
SD95_4,229E-1984,2,0.03333,0.2837,2020-11-12
SD95_4,229E-1984,2,0.01111,0.5998,2020-11-12
SD95_4,229E-1984,2,0.003704,0.8597,2020-11-12
SD95_4,229E-1984,2,0.001235,1.036,2020-11-12
SD95_4,229E-1984,2,0.0004115,0.9217,2020-11-12
SD95_4,229E-1984,2,0.0001372,1.018,2020-11-12
SD95_5,229E-1992,1,0.1,0.5849,2020-11-07
SD95_5,229E-1992,1,0.03333,0.6963,2020-11-07
SD95_5,229E-1992,1,0.01111,0.8059,2020-11-07
SD95_5,229E-1992,1,0.003704,1.026,2020-11-07
SD95_5,229E-1992,1,0.001235,1.163,2020-11-07
SD95_5,229E-1992,1,0.0004115,1.042,2020-11-07
SD95_5,229E-1992,1,0.0001372,1.108,2020-11-07
SD95_5,229E-1992,2,0.1,0.4291,2020-11-07
SD95_5,229E-1992,2,0.03333,0.8108,2020-11-07
SD95_5,229E-1992,2,0.01111,0.7608,2020-11-07
SD95_5,229E-1992,2,0.003704,0.9544,2020-11-07
SD95_5,229E-1992,2,0.001235,1.02,2020-11-07
SD95_5,229E-1992,2,0.0004115,1.156,2020-11-07
SD95_5,229E-1992,2,0.0001372,1.088,2020-11-07
SD95_6,229E-1992,1,0.1,0.4637,2020-11-07
SD95_6,229E-1992,1,0.03333,0.6103,2020-11-07
SD95_6,229E-1992,1,0.01111,0.6853,2020-11-07
SD95_6,229E-1992,1,0.003704,0.8784,2020-11-07
SD95_6,229E-1992,1,0.001235,1.026,2020-11-07
SD95_6,229E-1992,1,0.0004115,1.095,2020-11-07
SD95_6,229E-1992,1,0.0001372,0.9552,2020-11-07
SD95_6,229E-1992,2,0.1,0.5485,2020-11-07
SD95_6,229E-1992,2,0.03333,0.6082,2020-11-07
SD95_6,229E-1992,2,0.01111,0.7996,2020-11-07
SD95_6,229E-1992,2,0.003704,0.9284,2020-11-07
SD95_6,229E-1992,2,0.001235,1.019,2020-11-07
SD95_6,229E-1992,2,0.0004115,0.9828,2020-11-07
SD95_6,229E-1992,2,0.0001372,0.9599,2020-11-07
SD95_7,229E-1992,1,0.1,0.0113,2020-11-07
SD95_7,229E-1992,1,0.03333,0.106,2020-11-07
SD95_7,229E-1992,1,0.01111,0.4652,2020-11-07
SD95_7,229E-1992,1,0.003704,0.8466,2020-11-07
SD95_7,229E-1992,1,0.001235,1.004,2020-11-07
SD95_7,229E-1992,1,0.0004115,0.9785,2020-11-07
SD95_7,229E-1992,1,0.0001372,1.034,2020-11-07
SD95_7,229E-1992,2,0.1,0.006725,2020-11-07
SD95_7,229E-1992,2,0.03333,0.1016,2020-11-07
SD95_7,229E-1992,2,0.01111,0.4324,2020-11-07
SD95_7,229E-1992,2,0.003704,0.7097,2020-11-07
SD95_7,229E-1992,2,0.001235,0.9824,2020-11-07
SD95_7,229E-1992,2,0.0004115,1.027,2020-11-07
SD95_7,229E-1992,2,0.0001372,0.9532,2020-11-07
FR1377,229E-1992,1,0.1,0.8691,2020-11-07
FR1377,229E-1992,1,0.03333,0.6659,2020-11-07
FR1377,229E-1992,1,0.01111,0.8304,2020-11-07
FR1377,229E-1992,1,0.003704,0.8758,2020-11-07
FR1377,229E-1992,1,0.001235,1.105,2020-11-07
FR1377,229E-1992,1,0.0004115,1.025,2020-11-07
FR1377,229E-1992,1,0.0001372,0.9933,2020-11-07
FR1377,229E-1992,2,0.1,0.7722,2020-11-07
FR1377,229E-1992,2,0.03333,0.7665,2020-11-07
FR1377,229E-1992,2,0.01111,0.9642,2020-11-07
FR1377,229E-1992,2,0.003704,1.031,2020-11-07
FR1377,229E-1992,2,0.001235,1.032,2020-11-07
FR1377,229E-1992,2,0.0004115,1.156,2020-11-07
FR1377,229E-1992,2,0.0001372,1.016,2020-11-07
SD95_1,229E-1992,1,0.1,0.4819,2020-11-07
SD95_1,229E-1992,1,0.03333,0.6893,2020-11-07
SD95_1,229E-1992,1,0.01111,0.8249,2020-11-07
SD95_1,229E-1992,1,0.003704,0.9964,2020-11-07
SD95_1,229E-1992,1,0.001235,0.9878,2020-11-07
SD95_1,229E-1992,1,0.0004115,1.115,2020-11-07
SD95_1,229E-1992,1,0.0001372,1.145,2020-11-07
SD95_1,229E-1992,2,0.1,0.4988,2020-11-07
SD95_1,229E-1992,2,0.03333,0.7511,2020-11-07
SD95_1,229E-1992,2,0.01111,0.8066,2020-11-07
SD95_1,229E-1992,2,0.003704,0.9577,2020-11-07
SD95_1,229E-1992,2,0.001235,0.9492,2020-11-07
SD95_1,229E-1992,2,0.0004115,1.074,2020-11-07
SD95_1,229E-1992,2,0.0001372,1.156,2020-11-07
SD95_2,229E-1992,1,0.1,0.08542,2020-11-07
SD95_2,229E-1992,1,0.03333,0.3595,2020-11-07
SD95_2,229E-1992,1,0.01111,0.5743,2020-11-07
SD95_2,229E-1992,1,0.003704,0.8888,2020-11-07
SD95_2,229E-1992,1,0.001235,0.882,2020-11-07
SD95_2,229E-1992,1,0.0004115,0.9774,2020-11-07
SD95_2,229E-1992,1,0.0001372,1.021,2020-11-07
SD95_2,229E-1992,2,0.1,0.07586,2020-11-07
SD95_2,229E-1992,2,0.03333,0.3895,2020-11-07
SD95_2,229E-1992,2,0.01111,0.5846,2020-11-07
SD95_2,229E-1992,2,0.003704,0.7583,2020-11-07
SD95_2,229E-1992,2,0.001235,0.8831,2020-11-07
SD95_2,229E-1992,2,0.0004115,1.106,2020-11-07
SD95_2,229E-1992,2,0.0001372,1.069,2020-11-07
SD95_3,229E-1992,1,0.1,0.003476,2020-11-07
SD95_3,229E-1992,1,0.03333,0.1521,2020-11-07
SD95_3,229E-1992,1,0.01111,0.4209,2020-11-07
SD95_3,229E-1992,1,0.003704,0.9179,2020-11-07
SD95_3,229E-1992,1,0.001235,1.01,2020-11-07
SD95_3,229E-1992,1,0.0004115,0.9757,2020-11-07
SD95_3,229E-1992,1,0.0001372,1.096,2020-11-07
SD95_3,229E-1992,2,0.1,0.0065,2020-11-07
SD95_3,229E-1992,2,0.03333,0.149,2020-11-07
SD95_3,229E-1992,2,0.01111,0.5237,2020-11-07
SD95_3,229E-1992,2,0.003704,0.8538,2020-11-07
SD95_3,229E-1992,2,0.001235,1.005,2020-11-07
SD95_3,229E-1992,2,0.0004115,1.029,2020-11-07
SD95_3,229E-1992,2,0.0001372,1.097,2020-11-07
SD95_4,229E-1992,1,0.1,0.00495,2020-11-07
SD95_4,229E-1992,1,0.03333,0.1306,2020-11-07
SD95_4,229E-1992,1,0.01111,0.4502,2020-11-07
SD95_4,229E-1992,1,0.003704,0.8025,2020-11-07
SD95_4,229E-1992,1,0.001235,0.9506,2020-11-07
SD95_4,229E-1992,1,0.0004115,0.9696,2020-11-07
SD95_4,229E-1992,1,0.0001372,1.083,2020-11-07
SD95_4,229E-1992,2,0.1,0.003966,2020-11-07
SD95_4,229E-1992,2,0.03333,0.1249,2020-11-07
SD95_4,229E-1992,2,0.01111,0.4635,2020-11-07
SD95_4,229E-1992,2,0.003704,0.8,2020-11-07
SD95_4,229E-1992,2,0.001235,0.9794,2020-11-07
SD95_4,229E-1992,2,0.0004115,1.004,2020-11-07
SD95_4,229E-1992,2,0.0001372,0.8658,2020-11-07
SD93_3,229E-1992,1,0.1,0.4163,2020-11-07
SD93_3,229E-1992,1,0.03333,0.6367,2020-11-07
SD93_3,229E-1992,1,0.01111,0.8922,2020-11-07
SD93_3,229E-1992,1,0.003704,1.116,2020-11-07
SD93_3,229E-1992,1,0.001235,1.03,2020-11-07
SD93_3,229E-1992,1,0.0004115,1.038,2020-11-07
SD93_3,229E-1992,1,0.0001372,1.192,2020-11-07
SD93_3,229E-1992,2,0.1,0.4894,2020-11-07
SD93_3,229E-1992,2,0.03333,0.7377,2020-11-07
SD93_3,229E-1992,2,0.01111,0.9205,2020-11-07
SD93_3,229E-1992,2,0.003704,1.087,2020-11-07
SD93_3,229E-1992,2,0.001235,1.112,2020-11-07
SD93_3,229E-1992,2,0.0004115,1.106,2020-11-07
SD93_3,229E-1992,2,0.0001372,1.265,2020-11-07
SD93_4,229E-1992,1,0.1,0.001158,2020-11-07
SD93_4,229E-1992,1,0.03333,0.01952,2020-11-07
SD93_4,229E-1992,1,0.01111,0.1504,2020-11-07
SD93_4,229E-1992,1,0.003704,0.5119,2020-11-07
SD93_4,229E-1992,1,0.001235,0.9179,2020-11-07
SD93_4,229E-1992,1,0.0004115,1.04,2020-11-07
SD93_4,229E-1992,1,0.0001372,1.186,2020-11-07
SD93_4,229E-1992,2,0.1,0.000923,2020-11-07
SD93_4,229E-1992,2,0.03333,0.01395,2020-11-07
SD93_4,229E-1992,2,0.01111,0.1295,2020-11-07
SD93_4,229E-1992,2,0.003704,0.5312,2020-11-07
SD93_4,229E-1992,2,0.001235,0.89,2020-11-07
SD93_4,229E-1992,2,0.0004115,0.9644,2020-11-07
SD93_4,229E-1992,2,0.0001372,1.149,2020-11-07
SD93_5,229E-1992,1,0.1,0.4951,2020-11-07
SD93_5,229E-1992,1,0.03333,0.8168,2020-11-07
SD93_5,229E-1992,1,0.01111,0.9311,2020-11-07
SD93_5,229E-1992,1,0.003704,0.9046,2020-11-07
SD93_5,229E-1992,1,0.001235,1.062,2020-11-07
SD93_5,229E-1992,1,0.0004115,0.9252,2020-11-07
SD93_5,229E-1992,1,0.0001372,1.273,2020-11-07
SD93_5,229E-1992,2,0.1,0.4646,2020-11-07
SD93_5,229E-1992,2,0.03333,0.7328,2020-11-07
SD93_5,229E-1992,2,0.01111,0.824,2020-11-07
SD93_5,229E-1992,2,0.003704,0.9819,2020-11-07
SD93_5,229E-1992,2,0.001235,1.155,2020-11-07
SD93_5,229E-1992,2,0.0004115,1.071,2020-11-07
SD93_5,229E-1992,2,0.0001372,1.286,2020-11-07
SD93_6,229E-1992,1,0.1,0.282,2020-11-07
SD93_6,229E-1992,1,0.03333,0.6135,2020-11-07
SD93_6,229E-1992,1,0.01111,0.8122,2020-11-07
SD93_6,229E-1992,1,0.003704,0.9187,2020-11-07
SD93_6,229E-1992,1,0.001235,1.061,2020-11-07
SD93_6,229E-1992,1,0.0004115,1.14,2020-11-07
SD93_6,229E-1992,1,0.0001372,1.27,2020-11-07
SD93_6,229E-1992,2,0.1,0.2894,2020-11-07
SD93_6,229E-1992,2,0.03333,0.5991,2020-11-07
SD93_6,229E-1992,2,0.01111,0.8311,2020-11-07
SD93_6,229E-1992,2,0.003704,0.9413,2020-11-07
SD93_6,229E-1992,2,0.001235,0.9946,2020-11-07
SD93_6,229E-1992,2,0.0004115,0.9098,2020-11-07
SD93_6,229E-1992,2,0.0001372,1.19,2020-11-07
SD92_5,229E-1992,1,0.1,0.1581,2020-11-07
SD92_5,229E-1992,1,0.03333,0.3645,2020-11-07
SD92_5,229E-1992,1,0.01111,0.8107,2020-11-07
SD92_5,229E-1992,1,0.003704,0.9207,2020-11-07
SD92_5,229E-1992,1,0.001235,1.077,2020-11-07
SD92_5,229E-1992,1,0.0004115,0.9243,2020-11-07
SD92_5,229E-1992,1,0.0001372,1.173,2020-11-07
SD92_5,229E-1992,2,0.1,0.1167,2020-11-07
SD92_5,229E-1992,2,0.03333,0.3379,2020-11-07
SD92_5,229E-1992,2,0.01111,0.6916,2020-11-07
SD92_5,229E-1992,2,0.003704,0.9502,2020-11-07
SD92_5,229E-1992,2,0.001235,1.051,2020-11-07
SD92_5,229E-1992,2,0.0004115,1.042,2020-11-07
SD92_5,229E-1992,2,0.0001372,1.202,2020-11-07
SD92_6,229E-1992,1,0.1,0.3886,2020-11-07
SD92_6,229E-1992,1,0.03333,0.6404,2020-11-07
SD92_6,229E-1992,1,0.01111,0.9498,2020-11-07
SD92_6,229E-1992,1,0.003704,0.9582,2020-11-07
SD92_6,229E-1992,1,0.001235,1.065,2020-11-07
SD92_6,229E-1992,1,0.0004115,0.882,2020-11-07
SD92_6,229E-1992,1,0.0001372,1.246,2020-11-07
SD92_6,229E-1992,2,0.1,0.392,2020-11-07
SD92_6,229E-1992,2,0.03333,0.6359,2020-11-07
SD92_6,229E-1992,2,0.01111,0.9341,2020-11-07
SD92_6,229E-1992,2,0.003704,1.046,2020-11-07
SD92_6,229E-1992,2,0.001235,0.8762,2020-11-07
SD92_6,229E-1992,2,0.0004115,1.04,2020-11-07
SD92_6,229E-1992,2,0.0001372,1.022,2020-11-07
SD93_1,229E-1992,1,0.1,0.01777,2020-11-07
SD93_1,229E-1992,1,0.03333,0.1373,2020-11-07
SD93_1,229E-1992,1,0.01111,0.4383,2020-11-07
SD93_1,229E-1992,1,0.003704,0.871,2020-11-07
SD93_1,229E-1992,1,0.001235,0.9318,2020-11-07
SD93_1,229E-1992,1,0.0004115,0.9314,2020-11-07
SD93_1,229E-1992,1,0.0001372,1.158,2020-11-07
SD93_1,229E-1992,2,0.1,0.01893,2020-11-07
SD93_1,229E-1992,2,0.03333,0.1589,2020-11-07
SD93_1,229E-1992,2,0.01111,0.4813,2020-11-07
SD93_1,229E-1992,2,0.003704,0.8847,2020-11-07
SD93_1,229E-1992,2,0.001235,0.9288,2020-11-07
SD93_1,229E-1992,2,0.0004115,0.895,2020-11-07
SD93_1,229E-1992,2,0.0001372,1.101,2020-11-07
SD93_2,229E-1992,1,0.1,0.5212,2020-11-07
SD93_2,229E-1992,1,0.03333,0.6729,2020-11-07
SD93_2,229E-1992,1,0.01111,0.888,2020-11-07
SD93_2,229E-1992,1,0.003704,1.097,2020-11-07
SD93_2,229E-1992,1,0.001235,1.043,2020-11-07
SD93_2,229E-1992,1,0.0004115,0.8864,2020-11-07
SD93_2,229E-1992,1,0.0001372,1.068,2020-11-07
SD93_2,229E-1992,2,0.1,0.5769,2020-11-07
SD93_2,229E-1992,2,0.03333,0.6929,2020-11-07
SD93_2,229E-1992,2,0.01111,0.838,2020-11-07
SD93_2,229E-1992,2,0.003704,1.047,2020-11-07
SD93_2,229E-1992,2,0.001235,0.9771,2020-11-07
SD93_2,229E-1992,2,0.0004115,1.044,2020-11-07
SD93_2,229E-1992,2,0.0001372,0.9479,2020-11-07
SD92_1,229E-1992,1,0.1,0.5216,2020-11-07
SD92_1,229E-1992,1,0.03333,0.6678,2020-11-07
SD92_1,229E-1992,1,0.01111,0.7836,2020-11-07
SD92_1,229E-1992,1,0.003704,1.14,2020-11-07
SD92_1,229E-1992,1,0.001235,0.9399,2020-11-07
SD92_1,229E-1992,1,0.0004115,1.038,2020-11-07
SD92_1,229E-1992,1,0.0001372,1.037,2020-11-07
SD92_1,229E-1992,2,0.1,0.4573,2020-11-07
SD92_1,229E-1992,2,0.03333,0.7274,2020-11-07
SD92_1,229E-1992,2,0.01111,0.8003,2020-11-07
SD92_1,229E-1992,2,0.003704,1.253,2020-11-07
SD92_1,229E-1992,2,0.001235,0.8932,2020-11-07
SD92_1,229E-1992,2,0.0004115,0.9668,2020-11-07
SD92_1,229E-1992,2,0.0001372,0.9956,2020-11-07
SD92_2,229E-1992,1,0.1,0.2441,2020-11-07
SD92_2,229E-1992,1,0.03333,0.5644,2020-11-07
SD92_2,229E-1992,1,0.01111,0.802,2020-11-07
SD92_2,229E-1992,1,0.003704,1.098,2020-11-07
SD92_2,229E-1992,1,0.001235,0.9509,2020-11-07
SD92_2,229E-1992,1,0.0004115,1.091,2020-11-07
SD92_2,229E-1992,1,0.0001372,0.9912,2020-11-07
SD92_2,229E-1992,2,0.1,0.2682,2020-11-07
SD92_2,229E-1992,2,0.03333,0.6508,2020-11-07
SD92_2,229E-1992,2,0.01111,0.7517,2020-11-07
SD92_2,229E-1992,2,0.003704,1.105,2020-11-07
SD92_2,229E-1992,2,0.001235,0.9901,2020-11-07
SD92_2,229E-1992,2,0.0004115,0.9695,2020-11-07
SD92_2,229E-1992,2,0.0001372,1.015,2020-11-07
SD92_3,229E-1992,1,0.1,0.4301,2020-11-07
SD92_3,229E-1992,1,0.03333,0.625,2020-11-07
SD92_3,229E-1992,1,0.01111,0.775,2020-11-07
SD92_3,229E-1992,1,0.003704,1.069,2020-11-07
SD92_3,229E-1992,1,0.001235,0.9112,2020-11-07
SD92_3,229E-1992,1,0.0004115,0.9815,2020-11-07
SD92_3,229E-1992,1,0.0001372,1.071,2020-11-07
SD92_3,229E-1992,2,0.1,0.5071,2020-11-07
SD92_3,229E-1992,2,0.03333,0.4911,2020-11-07
SD92_3,229E-1992,2,0.01111,0.771,2020-11-07
SD92_3,229E-1992,2,0.003704,1.065,2020-11-07
SD92_3,229E-1992,2,0.001235,0.9325,2020-11-07
SD92_3,229E-1992,2,0.0004115,1.077,2020-11-07
SD92_3,229E-1992,2,0.0001372,1.047,2020-11-07
SD92_4,229E-1992,1,0.1,0.3968,2020-11-07
SD92_4,229E-1992,1,0.03333,0.7045,2020-11-07
SD92_4,229E-1992,1,0.01111,0.7785,2020-11-07
SD92_4,229E-1992,1,0.003704,1.168,2020-11-07
SD92_4,229E-1992,1,0.001235,0.9971,2020-11-07
SD92_4,229E-1992,1,0.0004115,0.9296,2020-11-07
SD92_4,229E-1992,1,0.0001372,1.086,2020-11-07
SD92_4,229E-1992,2,0.1,0.3981,2020-11-07
SD92_4,229E-1992,2,0.03333,0.5854,2020-11-07
SD92_4,229E-1992,2,0.01111,0.8312,2020-11-07
SD92_4,229E-1992,2,0.003704,1.022,2020-11-07
SD92_4,229E-1992,2,0.001235,0.9696,2020-11-07
SD92_4,229E-1992,2,0.0004115,1.094,2020-11-07
SD92_4,229E-1992,2,0.0001372,1.01,2020-11-07
FH010WB,229E-1984,1,0.1,0.1452,2020-10-09
FH010WB,229E-1984,1,0.03333,0.5534,2020-10-09
FH010WB,229E-1984,1,0.01111,1.013,2020-10-09
FH010WB,229E-1984,1,0.003704,1.082,2020-10-09
FH010WB,229E-1984,1,0.001235,1.084,2020-10-09
FH010WB,229E-1984,1,0.0004115,1.125,2020-10-09
FH010WB,229E-1984,1,0.0001372,1.447,2020-10-09
FH010WB,229E-1984,2,0.1,0.1802,2020-10-09
FH010WB,229E-1984,2,0.03333,0.4287,2020-10-09
FH010WB,229E-1984,2,0.01111,1.001,2020-10-09
FH010WB,229E-1984,2,0.003704,0.7414,2020-10-09
FH010WB,229E-1984,2,0.001235,0.8078,2020-10-09
FH010WB,229E-1984,2,0.0004115,1.138,2020-10-09
FH010WB,229E-1984,2,0.0001372,1.369,2020-10-09
FH011KG,229E-1984,1,0.1,0.539,2020-10-09
FH011KG,229E-1984,1,0.03333,0.8094,2020-10-09
FH011KG,229E-1984,1,0.01111,1.538,2020-10-09
FH011KG,229E-1984,1,0.003704,0.9947,2020-10-09
FH011KG,229E-1984,1,0.001235,1.009,2020-10-09
FH011KG,229E-1984,1,0.0004115,1.353,2020-10-09
FH011KG,229E-1984,1,0.0001372,1.129,2020-10-09
FH011KG,229E-1984,2,0.1,0.4096,2020-10-09
FH011KG,229E-1984,2,0.03333,0.6322,2020-10-09
FH011KG,229E-1984,2,0.01111,1.142,2020-10-09
FH011KG,229E-1984,2,0.003704,0.7822,2020-10-09
FH011KG,229E-1984,2,0.001235,1.213,2020-10-09
FH011KG,229E-1984,2,0.0004115,1.067,2020-10-09
FH011KG,229E-1984,2,0.0001372,0.8247,2020-10-09
Nothing,229E-1984,1,0.1,1.001,2020-10-09
Nothing,229E-1984,1,0.03333,0.8828,2020-10-09
Nothing,229E-1984,1,0.01111,1.094,2020-10-09
Nothing,229E-1984,1,0.003704,0.7728,2020-10-09
Nothing,229E-1984,1,0.001235,1.384,2020-10-09
Nothing,229E-1984,1,0.0004115,1.148,2020-10-09
Nothing,229E-1984,1,0.0001372,0.982,2020-10-09
Nothing,229E-1984,2,0.1,1.203,2020-10-09
Nothing,229E-1984,2,0.03333,0.8478,2020-10-09
Nothing,229E-1984,2,0.01111,1.075,2020-10-09
Nothing,229E-1984,2,0.003704,0.9016,2020-10-09
Nothing,229E-1984,2,0.001235,0.9651,2020-10-09
Nothing,229E-1984,2,0.0004115,1.069,2020-10-09
Nothing,229E-1984,2,0.0001372,0.8801,2020-10-09
FR1377,229E-1984,1,0.1,0.781,2020-10-09
FR1377,229E-1984,1,0.03333,0.8771,2020-10-09
FR1377,229E-1984,1,0.01111,1.241,2020-10-09
FR1377,229E-1984,1,0.003704,1.46,2020-10-09
FR1377,229E-1984,1,0.001235,0.8793,2020-10-09
FR1377,229E-1984,1,0.0004115,0.7871,2020-10-09
FR1377,229E-1984,1,0.0001372,0.8878,2020-10-09
FR1377,229E-1984,2,0.1,0.8181,2020-10-09
FR1377,229E-1984,2,0.03333,0.6472,2020-10-09
FR1377,229E-1984,2,0.01111,1.451,2020-10-09
FR1377,229E-1984,2,0.003704,1.318,2020-10-09
FR1377,229E-1984,2,0.001235,1.23,2020-10-09
FR1377,229E-1984,2,0.0004115,0.9157,2020-10-09
FR1377,229E-1984,2,0.0001372,0.9528,2020-10-09
FH004MM,229E-1984,1,0.1,0.3216,2020-10-09
FH004MM,229E-1984,1,0.03333,0.5697,2020-10-09
FH004MM,229E-1984,1,0.01111,0.6125,2020-10-09
FH004MM,229E-1984,1,0.003704,0.8791,2020-10-09
FH004MM,229E-1984,1,0.001235,0.885,2020-10-09
FH004MM,229E-1984,1,0.0004115,1.11,2020-10-09
FH004MM,229E-1984,1,0.0001372,1.054,2020-10-09
FH004MM,229E-1984,2,0.1,0.1682,2020-10-09
FH004MM,229E-1984,2,0.03333,0.5095,2020-10-09
FH004MM,229E-1984,2,0.01111,0.8502,2020-10-09
FH004MM,229E-1984,2,0.003704,0.9596,2020-10-09
FH004MM,229E-1984,2,0.001235,0.7505,2020-10-09
FH004MM,229E-1984,2,0.0004115,1.252,2020-10-09
FH004MM,229E-1984,2,0.0001372,0.9926,2020-10-09
FH005DJ,229E-1984,1,0.1,0.01548,2020-10-09
FH005DJ,229E-1984,1,0.03333,0.1112,2020-10-09
FH005DJ,229E-1984,1,0.01111,0.6028,2020-10-09
FH005DJ,229E-1984,1,0.003704,0.9456,2020-10-09
FH005DJ,229E-1984,1,0.001235,0.7184,2020-10-09
FH005DJ,229E-1984,1,0.0004115,1.027,2020-10-09
FH005DJ,229E-1984,1,0.0001372,0.9559,2020-10-09
FH005DJ,229E-1984,2,0.1,0.01637,2020-10-09
FH005DJ,229E-1984,2,0.03333,0.3688,2020-10-09
FH005DJ,229E-1984,2,0.01111,0.5883,2020-10-09
FH005DJ,229E-1984,2,0.003704,0.9123,2020-10-09
FH005DJ,229E-1984,2,0.001235,0.6523,2020-10-09
FH005DJ,229E-1984,2,0.0004115,1.204,2020-10-09
FH005DJ,229E-1984,2,0.0001372,0.6873,2020-10-09
FH007TR,229E-1984,1,0.1,0.02607,2020-10-09
FH007TR,229E-1984,1,0.03333,0.1585,2020-10-09
FH007TR,229E-1984,1,0.01111,0.3929,2020-10-09
FH007TR,229E-1984,1,0.003704,0.7084,2020-10-09
FH007TR,229E-1984,1,0.001235,0.922,2020-10-09
FH007TR,229E-1984,1,0.0004115,0.6431,2020-10-09
FH007TR,229E-1984,1,0.0001372,0.9736,2020-10-09
FH007TR,229E-1984,2,0.1,0.01054,2020-10-09
FH007TR,229E-1984,2,0.03333,0.1307,2020-10-09
FH007TR,229E-1984,2,0.01111,0.4781,2020-10-09
FH007TR,229E-1984,2,0.003704,0.7615,2020-10-09
FH007TR,229E-1984,2,0.001235,0.8006,2020-10-09
FH007TR,229E-1984,2,0.0004115,1.133,2020-10-09
FH007TR,229E-1984,2,0.0001372,0.7714,2020-10-09
FH008WC,229E-1984,1,0.1,0.0003516,2020-10-09
FH008WC,229E-1984,1,0.03333,0.006277,2020-10-09
FH008WC,229E-1984,1,0.01111,0.09973,2020-10-09
FH008WC,229E-1984,1,0.003704,0.4626,2020-10-09
FH008WC,229E-1984,1,0.001235,0.5007,2020-10-09
FH008WC,229E-1984,1,0.0004115,0.7214,2020-10-09
FH008WC,229E-1984,1,0.0001372,0.7992,2020-10-09
FH008WC,229E-1984,2,0.1,0.0008924,2020-10-09
FH008WC,229E-1984,2,0.03333,0.01779,2020-10-09
FH008WC,229E-1984,2,0.01111,0.1535,2020-10-09
FH008WC,229E-1984,2,0.003704,0.3466,2020-10-09
FH008WC,229E-1984,2,0.001235,0.6414,2020-10-09
FH008WC,229E-1984,2,0.0004115,0.6675,2020-10-09
FH008WC,229E-1984,2,0.0001372,0.8127,2020-10-09
FH007TR,229E-2001,1,0.1,0.459,2020-10-31
FH007TR,229E-2001,1,0.03333,0.7123,2020-10-31
FH007TR,229E-2001,1,0.01111,0.8564,2020-10-31
FH007TR,229E-2001,1,0.003704,1.102,2020-10-31
FH007TR,229E-2001,1,0.001235,0.9302,2020-10-31
FH007TR,229E-2001,1,0.0004115,0.9795,2020-10-31
FH007TR,229E-2001,1,0.0001372,1.058,2020-10-31
FH007TR,229E-2001,2,0.1,0.611,2020-10-31
FH007TR,229E-2001,2,0.03333,0.7134,2020-10-31
FH007TR,229E-2001,2,0.01111,0.8315,2020-10-31
FH007TR,229E-2001,2,0.003704,1.172,2020-10-31
FH007TR,229E-2001,2,0.001235,1.051,2020-10-31
FH007TR,229E-2001,2,0.0004115,1.066,2020-10-31
FH007TR,229E-2001,2,0.0001372,1.096,2020-10-31
FH008WC,229E-2001,1,0.1,0.3442,2020-10-31
FH008WC,229E-2001,1,0.03333,0.6542,2020-10-31
FH008WC,229E-2001,1,0.01111,0.7905,2020-10-31
FH008WC,229E-2001,1,0.003704,0.9972,2020-10-31
FH008WC,229E-2001,1,0.001235,1.041,2020-10-31
FH008WC,229E-2001,1,0.0004115,1.142,2020-10-31
FH008WC,229E-2001,1,0.0001372,1.035,2020-10-31
FH008WC,229E-2001,2,0.1,0.3304,2020-10-31
FH008WC,229E-2001,2,0.03333,0.5666,2020-10-31
FH008WC,229E-2001,2,0.01111,0.7748,2020-10-31
FH008WC,229E-2001,2,0.003704,1.019,2020-10-31
FH008WC,229E-2001,2,0.001235,1.17,2020-10-31
FH008WC,229E-2001,2,0.0004115,0.9954,2020-10-31
FH008WC,229E-2001,2,0.0001372,1.087,2020-10-31
Nothing,229E-2001,1,0.1,1.026,2020-10-31
Nothing,229E-2001,1,0.03333,1.158,2020-10-31
Nothing,229E-2001,1,0.01111,0.8155,2020-10-31
Nothing,229E-2001,1,0.003704,1.044,2020-10-31
Nothing,229E-2001,1,0.001235,1.103,2020-10-31
Nothing,229E-2001,1,0.0004115,1.023,2020-10-31
Nothing,229E-2001,1,0.0001372,1.023,2020-10-31
Nothing,229E-2001,2,0.1,1.179,2020-10-31
Nothing,229E-2001,2,0.03333,1.047,2020-10-31
Nothing,229E-2001,2,0.01111,0.7881,2020-10-31
Nothing,229E-2001,2,0.003704,1.081,2020-10-31
Nothing,229E-2001,2,0.001235,0.9538,2020-10-31
Nothing,229E-2001,2,0.0004115,1.068,2020-10-31
Nothing,229E-2001,2,0.0001372,1.037,2020-10-31
FR1377,229E-2001,1,0.1,0.8312,2020-10-31
FR1377,229E-2001,1,0.03333,0.8023,2020-10-31
FR1377,229E-2001,1,0.01111,1.007,2020-10-31
FR1377,229E-2001,1,0.003704,0.9574,2020-10-31
FR1377,229E-2001,1,0.001235,0.9664,2020-10-31
FR1377,229E-2001,1,0.0004115,0.9628,2020-10-31
FR1377,229E-2001,1,0.0001372,1.044,2020-10-31
FR1377,229E-2001,2,0.1,0.7053,2020-10-31
FR1377,229E-2001,2,0.03333,0.9217,2020-10-31
FR1377,229E-2001,2,0.01111,0.9669,2020-10-31
FR1377,229E-2001,2,0.003704,1.006,2020-10-31
FR1377,229E-2001,2,0.001235,0.9708,2020-10-31
FR1377,229E-2001,2,0.0004115,1.138,2020-10-31
FR1377,229E-2001,2,0.0001372,0.9734,2020-10-31
SD87_2,229E-2001,1,0.1,0.5483,2020-10-31
SD87_2,229E-2001,1,0.03333,0.6685,2020-10-31
SD87_2,229E-2001,1,0.01111,0.9252,2020-10-31
SD87_2,229E-2001,1,0.003704,1.101,2020-10-31
SD87_2,229E-2001,1,0.001235,1.007,2020-10-31
SD87_2,229E-2001,1,0.0004115,1.071,2020-10-31
SD87_2,229E-2001,1,0.0001372,1.046,2020-10-31
SD87_2,229E-2001,2,0.1,0.7556,2020-10-31
SD87_2,229E-2001,2,0.03333,0.6502,2020-10-31
SD87_2,229E-2001,2,0.01111,0.7551,2020-10-31
SD87_2,229E-2001,2,0.003704,0.9175,2020-10-31
SD87_2,229E-2001,2,0.001235,1.084,2020-10-31
SD87_2,229E-2001,2,0.0004115,1.074,2020-10-31
SD87_2,229E-2001,2,0.0001372,1.156,2020-10-31
SD87_4,229E-2001,1,0.1,0.2573,2020-10-31
SD87_4,229E-2001,1,0.03333,0.4842,2020-10-31
SD87_4,229E-2001,1,0.01111,0.8253,2020-10-31
SD87_4,229E-2001,1,0.003704,0.9316,2020-10-31
SD87_4,229E-2001,1,0.001235,1.105,2020-10-31
SD87_4,229E-2001,1,0.0004115,1.116,2020-10-31
SD87_4,229E-2001,1,0.0001372,0.9361,2020-10-31
SD87_4,229E-2001,2,0.1,0.2923,2020-10-31
SD87_4,229E-2001,2,0.03333,0.579,2020-10-31
SD87_4,229E-2001,2,0.01111,0.7662,2020-10-31
SD87_4,229E-2001,2,0.003704,0.8238,2020-10-31
SD87_4,229E-2001,2,0.001235,1.185,2020-10-31
SD87_4,229E-2001,2,0.0004115,0.9419,2020-10-31
SD87_4,229E-2001,2,0.0001372,1.094,2020-10-31
SD87_6,229E-2001,1,0.1,0.1201,2020-10-31
SD87_6,229E-2001,1,0.03333,0.2984,2020-10-31
SD87_6,229E-2001,1,0.01111,0.7143,2020-10-31
SD87_6,229E-2001,1,0.003704,1.015,2020-10-31
SD87_6,229E-2001,1,0.001235,1.16,2020-10-31
SD87_6,229E-2001,1,0.0004115,1.033,2020-10-31
SD87_6,229E-2001,1,0.0001372,1.041,2020-10-31
SD87_6,229E-2001,2,0.1,0.1388,2020-10-31
SD87_6,229E-2001,2,0.03333,0.2914,2020-10-31
SD87_6,229E-2001,2,0.01111,0.6544,2020-10-31
SD87_6,229E-2001,2,0.003704,0.9994,2020-10-31
SD87_6,229E-2001,2,0.001235,1.105,2020-10-31
SD87_6,229E-2001,2,0.0004115,1.059,2020-10-31
SD87_6,229E-2001,2,0.0001372,1.325,2020-10-31
SD85_2,229E-2001,1,0.1,0.6882,2020-10-31
SD85_2,229E-2001,1,0.03333,0.7019,2020-10-31
SD85_2,229E-2001,1,0.01111,0.818,2020-10-31
SD85_2,229E-2001,1,0.003704,0.9417,2020-10-31
SD85_2,229E-2001,1,0.001235,1.183,2020-10-31
SD85_2,229E-2001,1,0.0004115,1.089,2020-10-31
SD85_2,229E-2001,1,0.0001372,1.116,2020-10-31
SD85_2,229E-2001,2,0.1,0.6794,2020-10-31
SD85_2,229E-2001,2,0.03333,0.7141,2020-10-31
SD85_2,229E-2001,2,0.01111,0.8483,2020-10-31
SD85_2,229E-2001,2,0.003704,0.9939,2020-10-31
SD85_2,229E-2001,2,0.001235,0.9963,2020-10-31
SD85_2,229E-2001,2,0.0004115,0.9167,2020-10-31
SD85_2,229E-2001,2,0.0001372,1.092,2020-10-31
SD85_3,229E-2001,1,0.1,0.4495,2020-10-31
SD85_3,229E-2001,1,0.03333,0.7119,2020-10-31
SD85_3,229E-2001,1,0.01111,0.8731,2020-10-31
SD85_3,229E-2001,1,0.003704,0.9993,2020-10-31
SD85_3,229E-2001,1,0.001235,0.9334,2020-10-31
SD85_3,229E-2001,1,0.0004115,1.024,2020-10-31
SD85_3,229E-2001,1,0.0001372,1.003,2020-10-31
SD85_3,229E-2001,2,0.1,0.3728,2020-10-31
SD85_3,229E-2001,2,0.03333,0.7407,2020-10-31
SD85_3,229E-2001,2,0.01111,0.9128,2020-10-31
SD85_3,229E-2001,2,0.003704,0.9099,2020-10-31
SD85_3,229E-2001,2,0.001235,0.9043,2020-10-31
SD85_3,229E-2001,2,0.0004115,0.9583,2020-10-31
SD85_3,229E-2001,2,0.0001372,1.003,2020-10-31
SD85_5,229E-2001,1,0.1,0.6547,2020-10-31
SD85_5,229E-2001,1,0.03333,0.7548,2020-10-31
SD85_5,229E-2001,1,0.01111,0.8683,2020-10-31
SD85_5,229E-2001,1,0.003704,1.016,2020-10-31
SD85_5,229E-2001,1,0.001235,1.043,2020-10-31
SD85_5,229E-2001,1,0.0004115,1.014,2020-10-31
SD85_5,229E-2001,1,0.0001372,0.9988,2020-10-31
SD85_5,229E-2001,2,0.1,0.5593,2020-10-31
SD85_5,229E-2001,2,0.03333,0.7469,2020-10-31
SD85_5,229E-2001,2,0.01111,0.9889,2020-10-31
SD85_5,229E-2001,2,0.003704,0.8744,2020-10-31
SD85_5,229E-2001,2,0.001235,0.9508,2020-10-31
SD85_5,229E-2001,2,0.0004115,1.001,2020-10-31
SD85_5,229E-2001,2,0.0001372,1.115,2020-10-31
SD86_5,229E-2001,1,0.1,0.1268,2020-10-31
SD86_5,229E-2001,1,0.03333,0.3301,2020-10-31
SD86_5,229E-2001,1,0.01111,0.7081,2020-10-31
SD86_5,229E-2001,1,0.003704,0.7597,2020-10-31
SD86_5,229E-2001,1,0.001235,0.8115,2020-10-31
SD86_5,229E-2001,1,0.0004115,0.9905,2020-10-31
SD86_5,229E-2001,1,0.0001372,1.037,2020-10-31
SD86_5,229E-2001,2,0.1,0.1594,2020-10-31
SD86_5,229E-2001,2,0.03333,0.3562,2020-10-31
SD86_5,229E-2001,2,0.01111,0.5818,2020-10-31
SD86_5,229E-2001,2,0.003704,0.8952,2020-10-31
SD86_5,229E-2001,2,0.001235,0.9728,2020-10-31
SD86_5,229E-2001,2,0.0004115,0.9818,2020-10-31
SD86_5,229E-2001,2,0.0001372,0.9951,2020-10-31
SD86_6,229E-2001,1,0.1,0.2472,2020-10-31
SD86_6,229E-2001,1,0.03333,0.5884,2020-10-31
SD86_6,229E-2001,1,0.01111,0.802,2020-10-31
SD86_6,229E-2001,1,0.003704,0.88,2020-10-31
SD86_6,229E-2001,1,0.001235,0.8427,2020-10-31
SD86_6,229E-2001,1,0.0004115,1.02,2020-10-31
SD86_6,229E-2001,1,0.0001372,1.18,2020-10-31
SD86_6,229E-2001,2,0.1,0.2931,2020-10-31
SD86_6,229E-2001,2,0.03333,0.5611,2020-10-31
SD86_6,229E-2001,2,0.01111,0.8132,2020-10-31
SD86_6,229E-2001,2,0.003704,0.958,2020-10-31
SD86_6,229E-2001,2,0.001235,0.8284,2020-10-31
SD86_6,229E-2001,2,0.0004115,0.9252,2020-10-31
SD86_6,229E-2001,2,0.0001372,1.099,2020-10-31
FH003MJ,229E-1984,1,0.1,0.1043,2020-10-02
FH003MJ,229E-1984,1,0.03333,0.3108,2020-10-02
FH003MJ,229E-1984,1,0.01111,0.4958,2020-10-02
FH003MJ,229E-1984,1,0.003704,1.113,2020-10-02
FH003MJ,229E-1984,1,0.001235,0.7447,2020-10-02
FH003MJ,229E-1984,1,0.0004115,1.396,2020-10-02
FH003MJ,229E-1984,1,0.0001372,1.036,2020-10-02
FH003MJ,229E-1984,1,4.572e-05,1.135,2020-10-02
FH003MJ,229E-1984,2,0.1,0.08284,2020-10-02
FH003MJ,229E-1984,2,0.03333,0.3455,2020-10-02
FH003MJ,229E-1984,2,0.01111,0.4836,2020-10-02
FH003MJ,229E-1984,2,0.003704,1.4,2020-10-02
FH003MJ,229E-1984,2,0.001235,0.7301,2020-10-02
FH003MJ,229E-1984,2,0.0004115,1.199,2020-10-02
FH003MJ,229E-1984,2,0.0001372,1.006,2020-10-02
FH003MJ,229E-1984,2,4.572e-05,1.098,2020-10-02
FH012MA,229E-1984,1,0.1,0.2805,2020-10-02
FH012MA,229E-1984,1,0.03333,0.7982,2020-10-02
FH012MA,229E-1984,1,0.01111,0.9423,2020-10-02
FH012MA,229E-1984,1,0.003704,1.458,2020-10-02
FH012MA,229E-1984,1,0.001235,0.8064,2020-10-02
FH012MA,229E-1984,1,0.0004115,1.462,2020-10-02
FH012MA,229E-1984,1,0.0001372,0.8209,2020-10-02
FH012MA,229E-1984,1,4.572e-05,0.8541,2020-10-02
FH012MA,229E-1984,2,0.1,0.2167,2020-10-02
FH012MA,229E-1984,2,0.03333,0.7162,2020-10-02
FH012MA,229E-1984,2,0.01111,0.7034,2020-10-02
FH012MA,229E-1984,2,0.003704,1.476,2020-10-02
FH012MA,229E-1984,2,0.001235,0.7316,2020-10-02
FH012MA,229E-1984,2,0.0004115,1.172,2020-10-02
FH012MA,229E-1984,2,0.0001372,0.8099,2020-10-02
FH012MA,229E-1984,2,4.572e-05,1.148,2020-10-02
FH006SM,229E-1984,1,0.1,0.3859,2020-10-02
FH006SM,229E-1984,1,0.03333,0.6969,2020-10-02
FH006SM,229E-1984,1,0.01111,0.8554,2020-10-02
FH006SM,229E-1984,1,0.003704,1.212,2020-10-02
FH006SM,229E-1984,1,0.001235,1.087,2020-10-02
FH006SM,229E-1984,1,0.0004115,1.251,2020-10-02
FH006SM,229E-1984,1,0.0001372,0.6835,2020-10-02
FH006SM,229E-1984,1,4.572e-05,1.081,2020-10-02
FH006SM,229E-1984,2,0.1,0.3861,2020-10-02
FH006SM,229E-1984,2,0.03333,0.6143,2020-10-02
FH006SM,229E-1984,2,0.01111,0.8982,2020-10-02
FH006SM,229E-1984,2,0.003704,1.133,2020-10-02
FH006SM,229E-1984,2,0.001235,0.9899,2020-10-02
FH006SM,229E-1984,2,0.0004115,1.148,2020-10-02
FH006SM,229E-1984,2,0.0001372,0.848,2020-10-02
FH006SM,229E-1984,2,4.572e-05,1.143,2020-10-02
FR1377,229E-1984,1,0.1,0.7954,2020-10-02
FR1377,229E-1984,1,0.03333,0.9883,2020-10-02
FR1377,229E-1984,1,0.01111,0.9155,2020-10-02
FR1377,229E-1984,1,0.003704,1.459,2020-10-02
FR1377,229E-1984,1,0.001235,0.9291,2020-10-02
FR1377,229E-1984,1,0.0004115,1.054,2020-10-02
FR1377,229E-1984,1,0.0001372,1.156,2020-10-02
FR1377,229E-1984,1,4.572e-05,1.204,2020-10-02
FR1377,229E-1984,2,0.1,0.636,2020-10-02
FR1377,229E-1984,2,0.03333,1.191,2020-10-02
FR1377,229E-1984,2,0.01111,0.8712,2020-10-02
FR1377,229E-1984,2,0.003704,1.346,2020-10-02
FR1377,229E-1984,2,0.001235,1.066,2020-10-02
FR1377,229E-1984,2,0.0004115,1.259,2020-10-02
FR1377,229E-1984,2,0.0001372,0.7893,2020-10-02
FR1377,229E-1984,2,4.572e-05,1.293,2020-10-02
